timeOpen;timeClose;timeHigh;timeLow;name;open;high;low;close;volume;marketCap;date
"2024-09-05T00:00:00.000Z";"2024-09-05T23:59:59.999Z";"2024-09-05T01:41:00.000Z";"2024-09-05T19:46:00.000Z";"2781";2448.9867379635;2465.3851633709;2348.8632710269;2367.7375740886;13632325040.12;284870243828.82;"2024-09-05T23:59:59.999Z"
"2024-09-04T00:00:00.000Z";"2024-09-04T23:59:59.999Z";"2024-09-04T16:34:00.000Z";"2024-09-04T01:05:00.000Z";"2781";2420.1923594609;2488.9165297931;2313.2650229482;2448.976963363;16709600746.79;294644654909.23;"2024-09-04T23:59:59.999Z"
"2024-09-03T00:00:00.000Z";"2024-09-03T23:59:59.999Z";"2024-09-03T02:19:00.000Z";"2024-09-03T23:59:00.000Z";"2781";2538.1605696975;2552.8027059964;2419.8753405981;2420.603643795;11406800196.88;291174415480.53;"2024-09-03T23:59:59.999Z"
"2024-09-02T00:00:00.000Z";"2024-09-02T23:59:59.999Z";"2024-09-02T20:56:00.000Z";"2024-09-02T00:01:00.000Z";"2781";2427.9733430705;2563.085947551;2426.0958264474;2538.1873755956;12520444223.77;305361719446.47;"2024-09-02T23:59:59.999Z"
"2024-09-01T00:00:00.000Z";"2024-09-01T23:59:59.999Z";"2024-09-01T00:17:00.000Z";"2024-09-01T23:01:00.000Z";"2781";2513.4242867901;2515.4673743873;2401.8891952349;2427.9022806575;11800443264.94;292099196088.96;"2024-09-01T23:59:59.999Z"
"2024-08-31T00:00:00.000Z";"2024-08-31T23:59:59.999Z";"2024-08-31T00:35:00.000Z";"2024-08-31T17:53:00.000Z";"2781";2525.8591403614;2532.389995385;2493.7056314647;2513.3937400971;6646876012.61;302373399429.12;"2024-08-31T23:59:59.999Z"
"2024-08-30T00:00:00.000Z";"2024-08-30T23:59:59.999Z";"2024-08-30T18:41:00.000Z";"2024-08-30T16:28:00.000Z";"2781";2528.7321381206;2539.9151740611;2432.8343661359;2525.8219191284;15526218254.52;303858523925.25;"2024-08-30T23:59:59.999Z"
"2024-08-29T00:00:00.000Z";"2024-08-29T23:59:59.999Z";"2024-08-29T15:35:00.000Z";"2024-08-29T22:10:00.000Z";"2781";2528.3623390872;2595.9769498275;2507.5024610214;2528.7927147052;13946434276.5;304202758609.92;"2024-08-29T23:59:59.999Z"
"2024-08-28T00:00:00.000Z";"2024-08-28T23:59:59.999Z";"2024-08-28T21:27:00.000Z";"2024-08-28T01:38:00.000Z";"2781";2458.9047288803;2553.8201332909;2422.2936310955;2528.415504044;20359545410.33;304158734370.84;"2024-08-28T23:59:59.999Z"
"2024-08-27T00:00:00.000Z";"2024-08-27T23:59:59.999Z";"2024-08-27T05:52:00.000Z";"2024-08-27T22:16:00.000Z";"2781";2681.6228547795;2700.1527938882;2401.1750014042;2458.7264730716;18028996055.96;295803564692.22;"2024-08-27T23:59:59.999Z"
"2024-08-26T00:00:00.000Z";"2024-08-26T23:59:59.999Z";"2024-08-26T00:36:00.000Z";"2024-08-26T21:23:00.000Z";"2781";2749.2475733083;2763.0041773069;2668.8866690067;2681.3405143605;12282035835.37;322596873460.23;"2024-08-26T23:59:59.999Z"
"2024-08-25T00:00:00.000Z";"2024-08-25T23:59:59.999Z";"2024-08-25T21:23:00.000Z";"2024-08-25T07:39:00.000Z";"2781";2769.0982451445;2793.0129853608;2736.0889406765;2749.1576670875;9375535538.7;330719150375.36;"2024-08-25T23:59:59.999Z"
"2024-08-24T00:00:00.000Z";"2024-08-24T23:59:59.999Z";"2024-08-24T16:41:00.000Z";"2024-08-24T22:00:00.000Z";"2781";2765.4815671814;2820.0205615881;2737.7766676404;2769.3897324903;11765811306.84;333118290545.8;"2024-08-24T23:59:59.999Z"
"2024-08-23T00:00:00.000Z";"2024-08-23T23:59:59.999Z";"2024-08-23T22:35:00.000Z";"2024-08-23T00:06:00.000Z";"2781";2622.9160716774;2799.3298565315;2622.5810537487;2764.4471033;16857181969.5;332676763518.28;"2024-08-23T23:59:59.999Z"
"2024-08-22T00:00:00.000Z";"2024-08-22T23:59:59.999Z";"2024-08-22T12:05:00.000Z";"2024-08-22T02:54:00.000Z";"2781";2630.8642496488;2644.8237233332;2587.1106750821;2622.9513546562;10723280428.12;315520205747.53;"2024-08-22T23:59:59.999Z"
"2024-08-21T00:00:00.000Z";"2024-08-21T23:59:59.999Z";"2024-08-21T20:06:00.000Z";"2024-08-21T13:44:00.000Z";"2781";2573.1089739409;2662.953488548;2538.6577920946;2631.3956043099;12766015262.73;316470263993.24;"2024-08-21T23:59:59.999Z"
"2024-08-20T00:00:00.000Z";"2024-08-20T23:59:59.999Z";"2024-08-20T05:24:00.000Z";"2024-08-20T15:08:00.000Z";"2781";2637.3062943876;2695.9136995581;2556.7476402304;2573.1068581158;13249483464.46;309516554435.49;"2024-08-20T23:59:59.999Z"
"2024-08-19T00:00:00.000Z";"2024-08-19T23:59:59.999Z";"2024-08-19T04:03:00.000Z";"2024-08-19T13:53:00.000Z";"2781";2612.7185097561;2648.2844776645;2566.4012223473;2637.3062899278;11968963281.7;317232374214.24;"2024-08-19T23:59:59.999Z"
"2024-08-18T00:00:00.000Z";"2024-08-18T23:59:59.999Z";"2024-08-18T12:47:00.000Z";"2024-08-18T04:32:00.000Z";"2781";2614.1095010624;2684.0311033164;2596.7350013654;2613.3571785326;9207267414.64;314268369391.92;"2024-08-18T23:59:59.999Z"
"2024-08-17T00:00:00.000Z";"2024-08-17T23:59:59.999Z";"2024-08-17T17:08:00.000Z";"2024-08-17T00:20:00.000Z";"2781";2593.1669870287;2626.6729547521;2588.7850898842;2614.5467678717;6676568717.06;314429221530.5;"2024-08-17T23:59:59.999Z"
"2024-08-16T00:00:00.000Z";"2024-08-16T23:59:59.999Z";"2024-08-16T18:05:00.000Z";"2024-08-16T01:23:00.000Z";"2781";2570.0851197001;2629.3836626679;2553.0714963643;2593.186442814;13275561554.78;311904037570.2;"2024-08-16T23:59:59.999Z"
"2024-08-15T00:00:00.000Z";"2024-08-15T23:59:59.999Z";"2024-08-15T15:58:00.000Z";"2024-08-15T20:57:00.000Z";"2781";2662.8854050633;2675.3144750112;2518.6705500515;2570.0877300656;16345801911.57;309122231394.02;"2024-08-15T23:59:59.999Z"
"2024-08-14T00:00:00.000Z";"2024-08-14T23:59:59.999Z";"2024-08-14T12:31:00.000Z";"2024-08-14T14:13:00.000Z";"2781";2703.5868642656;2775.2809657522;2636.7052340878;2662.914790813;15825365408.17;320277951636.44;"2024-08-14T23:59:59.999Z"
"2024-08-13T00:00:00.000Z";"2024-08-13T23:59:59.999Z";"2024-08-13T02:02:00.000Z";"2024-08-13T10:25:00.000Z";"2781";2724.3035068548;2737.990371482;2613.8013492687;2703.6718464697;16383053029.1;325166936403.58;"2024-08-13T23:59:59.999Z"
"2024-08-12T00:00:00.000Z";"2024-08-12T23:59:59.999Z";"2024-08-12T23:21:00.000Z";"2024-08-12T00:35:00.000Z";"2781";2553.4966053215;2749.1350088668;2513.3941625541;2724.4318594324;21653090666.23;327652739570.78;"2024-08-12T23:59:59.999Z"
"2024-08-11T00:00:00.000Z";"2024-08-11T23:59:59.999Z";"2024-08-11T09:21:00.000Z";"2024-08-11T20:39:00.000Z";"2781";2609.969703158;2718.7977251425;2544.1747723958;2553.252240415;13595441987.08;307103536125.21;"2024-08-11T23:59:59.999Z"
"2024-08-10T00:00:00.000Z";"2024-08-10T23:59:59.999Z";"2024-08-10T11:40:00.000Z";"2024-08-10T00:44:00.000Z";"2781";2599.582241381;2642.9257287795;2580.6619371006;2610.0228477264;9361014219.03;313889029960.15;"2024-08-10T23:59:59.999Z"
"2024-08-09T00:00:00.000Z";"2024-08-09T23:59:59.999Z";"2024-08-09T04:11:00.000Z";"2024-08-09T16:05:00.000Z";"2781";2683.7199975895;2706.4512351189;2555.2295289744;2599.5985844241;17907141655.34;312634093214.01;"2024-08-09T23:59:59.999Z"
"2024-08-08T00:00:00.000Z";"2024-08-08T23:59:59.999Z";"2024-08-08T22:59:00.000Z";"2024-08-08T00:35:00.000Z";"2781";2336.9149691098;2721.9544984356;2322.5294984722;2683.3527980054;23468291179.77;322747478331.43;"2024-08-08T23:59:59.999Z"
"2024-08-07T00:00:00.000Z";"2024-08-07T23:59:59.999Z";"2024-08-07T10:37:00.000Z";"2024-08-07T20:53:00.000Z";"2781";2458.9889062336;2551.5606857856;2312.1686925901;2336.5893752638;24264218606.01;281035367280.92;"2024-08-07T23:59:59.999Z"
"2024-08-06T00:00:00.000Z";"2024-08-06T23:59:59.999Z";"2024-08-06T14:20:00.000Z";"2024-08-06T00:00:00.000Z";"2781";2417.2697476943;2553.5810788175;2416.5270085411;2458.7238702336;26041995920.95;295710571803.94;"2024-08-06T23:59:59.999Z"
"2024-08-05T00:00:00.000Z";"2024-08-05T23:59:59.999Z";"2024-08-05T00:06:00.000Z";"2024-08-05T01:12:00.000Z";"2781";2686.0274982721;2695.8866563884;2122.546236037;2417.2061842115;67668132244.38;290699928288.88;"2024-08-05T23:59:59.999Z"
"2024-08-04T00:00:00.000Z";"2024-08-04T23:59:59.999Z";"2024-08-04T02:35:00.000Z";"2024-08-04T17:45:00.000Z";"2781";2903.0886317454;2931.4717513415;2639.5667259006;2686.3988610452;21139601426.46;323015051181.3;"2024-08-04T23:59:59.999Z"
"2024-08-03T00:00:00.000Z";"2024-08-03T23:59:59.999Z";"2024-08-03T12:32:00.000Z";"2024-08-03T21:10:00.000Z";"2781";2985.9508786552;3015.2960515087;2861.1775540643;2903.3857025544;17844091430.83;349111435213.51;"2024-08-03T23:59:59.999Z"
"2024-08-02T00:00:00.000Z";"2024-08-02T23:59:59.999Z";"2024-08-02T00:20:00.000Z";"2024-08-02T21:32:00.000Z";"2781";3201.5993832297;3214.5270618206;2965.7339587821;2986.0131528012;21400241740.62;359070017357.43;"2024-08-02T23:59:59.999Z"
"2024-08-01T00:00:00.000Z";"2024-08-01T23:59:59.999Z";"2024-08-01T00:11:00.000Z";"2024-08-01T18:46:00.000Z";"2781";3231.2486664288;3241.7773266787;3078.5438775352;3201.5644469308;20217639555.82;384996532526.49;"2024-08-01T23:59:59.999Z"
"2024-07-31T00:00:00.000Z";"2024-07-31T23:59:59.999Z";"2024-07-31T13:43:00.000Z";"2024-07-31T21:31:00.000Z";"2781";3278.6865959865;3347.636589634;3216.0717065546;3231.2957066884;16135380636.88;388556036409.16;"2024-07-31T23:59:59.999Z"
"2024-07-30T00:00:00.000Z";"2024-07-30T23:59:59.999Z";"2024-07-30T13:21:00.000Z";"2024-07-30T20:11:00.000Z";"2781";3320.6351906134;3365.322564389;3235.7599682135;3278.6677928161;14045773046.54;394254431325.22;"2024-07-30T23:59:59.999Z"
"2024-07-29T00:00:00.000Z";"2024-07-29T23:59:59.999Z";"2024-07-29T10:33:00.000Z";"2024-07-29T16:33:00.000Z";"2781";3271.4534640628;3396.6257551377;3257.7156147045;3320.5392099336;18334852719.12;399234373762.25;"2024-07-29T23:59:59.999Z"
"2024-07-28T00:00:00.000Z";"2024-07-28T23:59:59.999Z";"2024-07-28T18:31:00.000Z";"2024-07-28T05:11:00.000Z";"2781";3247.5073053514;3283.1521424448;3201.7632936184;3271.4646364709;8959236445.64;393322680889.11;"2024-07-28T23:59:59.999Z"
"2024-07-27T00:00:00.000Z";"2024-07-27T23:59:59.999Z";"2024-07-27T13:47:00.000Z";"2024-07-27T20:26:00.000Z";"2781";3275.8917093114;3327.4264943168;3195.3567382203;3247.6079817268;15198233287.39;390442331336.25;"2024-07-27T23:59:59.999Z"
"2024-07-26T00:00:00.000Z";"2024-07-26T23:59:59.999Z";"2024-07-26T23:25:00.000Z";"2024-07-26T00:36:00.000Z";"2781";3174.0510518836;3285.7609302;3172.777172982;3275.9514243808;15993893520.76;393854940397.2;"2024-07-26T23:59:59.999Z"
"2024-07-25T00:00:00.000Z";"2024-07-25T23:59:59.999Z";"2024-07-25T00:25:00.000Z";"2024-07-25T20:14:00.000Z";"2781";3336.3623090803;3341.438455905;3088.7644900984;3174.4273153636;25293745810.03;381610809754.16;"2024-07-25T23:59:59.999Z"
"2024-07-24T00:00:00.000Z";"2024-07-24T23:59:59.999Z";"2024-07-24T00:12:00.000Z";"2024-07-24T21:13:00.000Z";"2781";3482.1519592285;3487.6530567973;3304.0392131954;3336.3394237401;16040945448.27;401125218715.64;"2024-07-24T23:59:59.999Z"
"2024-07-23T00:00:00.000Z";"2024-07-23T23:59:59.999Z";"2024-07-23T09:36:00.000Z";"2024-07-23T17:02:00.000Z";"2781";3440.7684203307;3539.5317352124;3395.4208923331;3481.9959539767;24468405649.9;418653262700.26;"2024-07-23T23:59:59.999Z"
"2024-07-22T00:00:00.000Z";"2024-07-22T23:59:59.999Z";"2024-07-22T00:49:00.000Z";"2024-07-22T23:13:00.000Z";"2781";3536.6271724925;3560.0755054452;3425.795746783;3440.419892469;18723199034.02;413677789549.03;"2024-07-22T23:59:59.999Z"
"2024-07-21T00:00:00.000Z";"2024-07-21T23:59:59.999Z";"2024-07-21T22:06:00.000Z";"2024-07-21T18:13:00.000Z";"2781";3519.4265569212;3546.6192375618;3415.4437889975;3536.6054396998;13845913681.14;425202725801.31;"2024-07-21T23:59:59.999Z"
"2024-07-20T00:00:00.000Z";"2024-07-20T23:59:59.999Z";"2024-07-20T17:49:00.000Z";"2024-07-20T01:55:00.000Z";"2781";3505.7213360654;3539.9042918012;3482.4889083192;3519.2953440842;10360198324.58;423126701294.68;"2024-07-20T23:59:59.999Z"
"2024-07-19T00:00:00.000Z";"2024-07-19T23:59:59.999Z";"2024-07-19T19:24:00.000Z";"2024-07-19T08:28:00.000Z";"2781";3425.9088098776;3540.5883464158;3377.8775749769;3505.7348409679;17705629736.48;421472486025.11;"2024-07-19T23:59:59.999Z"
"2024-07-18T00:00:00.000Z";"2024-07-18T23:59:59.999Z";"2024-07-18T13:20:00.000Z";"2024-07-18T16:04:00.000Z";"2781";3388.0300676492;3488.7156547891;3374.9904298984;3426.2585906447;15035622003.12;411914155211.69;"2024-07-18T23:59:59.999Z"
"2024-07-17T00:00:00.000Z";"2024-07-17T23:59:59.999Z";"2024-07-17T01:18:00.000Z";"2024-07-17T16:43:00.000Z";"2781";3446.7367187773;3516.1042095161;3379.0995251717;3388.7523731072;16739123961.79;407399937896.91;"2024-07-17T23:59:59.999Z"
"2024-07-16T00:00:00.000Z";"2024-07-16T23:59:59.999Z";"2024-07-16T00:09:00.000Z";"2024-07-16T08:34:00.000Z";"2781";3486.1440726541;3498.2190530127;3351.7796827994;3443.5135017873;20446664416.01;413977750802.78;"2024-07-16T23:59:59.999Z"
"2024-07-15T00:00:00.000Z";"2024-07-15T23:59:59.999Z";"2024-07-15T23:43:00.000Z";"2024-07-15T00:11:00.000Z";"2781";3246.1316976876;3494.0982761479;3235.776147546;3489.5526866155;18305490389.61;419506867436.51;"2024-07-15T23:59:59.999Z"
"2024-07-14T00:00:00.000Z";"2024-07-14T23:59:59.999Z";"2024-07-14T23:25:00.000Z";"2024-07-14T02:43:00.000Z";"2781";3176.7414549025;3266.4876563321;3166.4310700671;3244.0790922444;10517709665.73;389989323470.73;"2024-07-14T23:59:59.999Z"
"2024-07-13T00:00:00.000Z";"2024-07-13T23:59:59.999Z";"2024-07-13T23:19:00.000Z";"2024-07-13T04:48:00.000Z";"2781";3134.5506306198;3199.989539188;3115.0802991252;3177.1986392641;8565105946.01;381941803263.02;"2024-07-13T23:59:59.999Z"
"2024-07-12T00:00:00.000Z";"2024-07-12T23:59:59.999Z";"2024-07-12T17:26:00.000Z";"2024-07-12T10:21:00.000Z";"2781";3099.9900151483;3154.6015967794;3048.5081189292;3134.1586628398;12751638330.58;376761092785.62;"2024-07-12T23:59:59.999Z"
"2024-07-11T00:00:00.000Z";"2024-07-11T23:59:59.999Z";"2024-07-11T12:52:00.000Z";"2024-07-11T03:22:00.000Z";"2781";3101.335253232;3208.9385014262;3057.2192496876;3100.3307531137;15230095765.86;372688190954.26;"2024-07-11T23:59:59.999Z"
"2024-07-10T00:00:00.000Z";"2024-07-10T23:59:59.999Z";"2024-07-10T16:15:00.000Z";"2024-07-10T01:06:00.000Z";"2781";3066.137267835;3148.4075604939;3026.608403919;3102.2187944314;14578679176.16;372909360027.07;"2024-07-10T23:59:59.999Z"
"2024-07-09T00:00:00.000Z";"2024-07-09T23:59:59.999Z";"2024-07-09T08:45:00.000Z";"2024-07-09T00:32:00.000Z";"2781";3018.8033141636;3105.8004385375;3005.522306375;3064.0328836456;15269945821.81;368312672689.37;"2024-07-09T23:59:59.999Z"
"2024-07-08T00:00:00.000Z";"2024-07-08T23:59:59.999Z";"2024-07-08T09:03:00.000Z";"2024-07-08T01:22:00.000Z";"2781";2929.8616406366;3090.6645412684;2826.4817185351;3018.7320323162;22627377457.03;362860880689.32;"2024-07-08T23:59:59.999Z"
"2024-07-07T00:00:00.000Z";"2024-07-07T23:59:59.999Z";"2024-07-07T02:20:00.000Z";"2024-07-07T23:51:00.000Z";"2781";3067.4051440421;3072.8143908578;2923.9591430097;2929.3872316715;10857947538.02;352114562456.68;"2024-07-07T23:59:59.999Z"
"2024-07-06T00:00:00.000Z";"2024-07-06T23:59:59.999Z";"2024-07-06T21:06:00.000Z";"2024-07-06T02:10:00.000Z";"2781";2981.9881031271;3080.1075052499;2957.3957094268;3069.3779282848;11586293704.83;368934230991.83;"2024-07-06T23:59:59.999Z"
"2024-07-05T00:00:00.000Z";"2024-07-05T23:59:59.999Z";"2024-07-05T00:51:00.000Z";"2024-07-05T09:12:00.000Z";"2781";3057.8331670256;3106.1526195667;2826.0144079072;2981.5986963517;31131942647.17;358378765284.49;"2024-07-05T23:59:59.999Z"
"2024-07-04T00:00:00.000Z";"2024-07-04T23:59:59.999Z";"2024-07-04T00:43:00.000Z";"2024-07-04T23:59:00.000Z";"2781";3291.8177602777;3309.2036319196;3054.521964485;3054.521964485;20252514385.5;367138683984.03;"2024-07-04T23:59:59.999Z"
"2024-07-03T00:00:00.000Z";"2024-07-03T23:59:59.999Z";"2024-07-03T00:48:00.000Z";"2024-07-03T21:00:00.000Z";"2781";3416.2548833837;3426.3321862843;3254.5211485555;3292.9167872079;16121324439.66;395787129291.98;"2024-07-03T23:59:59.999Z"
"2024-07-02T00:00:00.000Z";"2024-07-02T23:59:59.999Z";"2024-07-02T04:33:00.000Z";"2024-07-02T14:43:00.000Z";"2781";3439.381356461;3459.7613822098;3399.0261087734;3416.3547278949;9421757717.69;410616537782.16;"2024-07-02T23:59:59.999Z"
"2024-07-01T00:00:00.000Z";"2024-07-01T23:59:59.999Z";"2024-07-01T02:01:00.000Z";"2024-07-01T22:27:00.000Z";"2781";3432.6074808213;3513.3108199999;3425.3231476744;3440.3416247238;12281551838.73;413492403891.32;"2024-07-01T23:59:59.999Z"
"2024-06-30T00:00:00.000Z";"2024-06-30T23:59:59.999Z";"2024-06-30T22:30:00.000Z";"2024-06-30T02:53:00.000Z";"2781";3373.0756344151;3453.2115210387;3352.2845177932;3432.8890895755;8396416013.34;412589046062.36;"2024-06-30T23:59:59.999Z"
"2024-06-29T00:00:00.000Z";"2024-06-29T23:59:59.999Z";"2024-06-29T07:46:00.000Z";"2024-06-29T22:56:00.000Z";"2781";3373.6900128349;3401.7302093855;3369.5528492235;3372.9678619929;6584792001.49;405379193549.84;"2024-06-29T23:59:59.999Z"
"2024-06-28T00:00:00.000Z";"2024-06-28T23:59:59.999Z";"2024-06-28T01:58:00.000Z";"2024-06-28T22:34:00.000Z";"2781";3445.4987799798;3482.9575886476;3363.4376011673;3373.6359398066;12861158844.41;405452696482.52;"2024-06-28T23:59:59.999Z"
"2024-06-27T00:00:00.000Z";"2024-06-27T23:59:59.999Z";"2024-06-27T14:15:00.000Z";"2024-06-27T00:29:00.000Z";"2781";3368.886147675;3470.9231444815;3362.2646578114;3444.8005378863;11771834016.42;413999143653.67;"2024-06-27T23:59:59.999Z"
"2024-06-26T00:00:00.000Z";"2024-06-26T23:59:59.999Z";"2024-06-26T02:18:00.000Z";"2024-06-26T17:11:00.000Z";"2781";3394.3733738618;3421.5094378687;3328.3907239889;3369.4772002383;11694054195.35;404940362414.91;"2024-06-26T23:59:59.999Z"
"2024-06-25T00:00:00.000Z";"2024-06-25T23:59:59.999Z";"2024-06-25T15:22:00.000Z";"2024-06-25T01:36:00.000Z";"2781";3350.5556112346;3422.2134236289;3335.5567710737;3395.029004864;13235546062.82;408004063840.54;"2024-06-25T23:59:59.999Z"
"2024-06-24T00:00:00.000Z";"2024-06-24T23:59:59.999Z";"2024-06-24T00:43:00.000Z";"2024-06-24T16:54:00.000Z";"2781";3418.7831418412;3430.6990003375;3244.241470421;3350.25635103;23137744903.39;402549003799.04;"2024-06-24T23:59:59.999Z"
"2024-06-23T00:00:00.000Z";"2024-06-23T23:59:59.999Z";"2024-06-23T04:19:00.000Z";"2024-06-23T21:21:00.000Z";"2781";3494.9539342188;3519.3249367643;3408.5829919699;3418.6118772591;9418141332.84;418014043658.51;"2024-06-23T23:59:59.999Z"
"2024-06-22T00:00:00.000Z";"2024-06-22T23:59:59.999Z";"2024-06-22T00:01:00.000Z";"2024-06-22T08:23:00.000Z";"2781";3516.5511681264;3519.4974528136;3477.1699123882;3494.8133879808;7423703673.29;427332560845.76;"2024-06-22T23:59:59.999Z"
"2024-06-21T00:00:00.000Z";"2024-06-21T23:59:59.999Z";"2024-06-21T20:20:00.000Z";"2024-06-21T08:58:00.000Z";"2781";3511.2683700574;3542.9572388567;3447.9356117014;3516.0755619859;15933353455.85;429934216658.7;"2024-06-21T23:59:59.999Z"
"2024-06-20T00:00:00.000Z";"2024-06-20T23:59:59.999Z";"2024-06-20T11:09:00.000Z";"2024-06-20T16:09:00.000Z";"2781";3559.3473095853;3623.8865329973;3485.4600239355;3511.0869233634;16115123752.71;429318923899.22;"2024-06-20T23:59:59.999Z"
"2024-06-19T00:00:00.000Z";"2024-06-19T23:59:59.999Z";"2024-06-19T04:14:00.000Z";"2024-06-19T00:24:00.000Z";"2781";3482.3507206099;3583.319973285;3466.4810053308;3559.3473095853;15275373777.7;435222804701.35;"2024-06-19T23:59:59.999Z"
"2024-06-18T00:00:00.000Z";"2024-06-18T23:59:59.999Z";"2024-06-18T00:02:00.000Z";"2024-06-18T01:46:00.000Z";"2781";3510.5652011549;3514.1771367894;3371.5903388381;3483.6813541597;21022514455.21;425974076070.51;"2024-06-18T23:59:59.999Z"
"2024-06-17T00:00:00.000Z";"2024-06-17T23:59:59.999Z";"2024-06-17T00:40:00.000Z";"2024-06-17T16:21:00.000Z";"2781";3622.3835665223;3634.2853282448;3468.1489746787;3511.379017106;17838856987.87;421924718208.96;"2024-06-17T23:59:59.999Z"
"2024-06-16T00:00:00.000Z";"2024-06-16T23:59:59.999Z";"2024-06-16T22:11:00.000Z";"2024-06-16T04:23:00.000Z";"2781";3566.7618996857;3648.0928980722;3541.5343804535;3620.5634464932;9878388157.61;435027296279.56;"2024-06-16T23:59:59.999Z"
"2024-06-15T00:00:00.000Z";"2024-06-15T23:59:59.999Z";"2024-06-15T15:21:00.000Z";"2024-06-15T02:04:00.000Z";"2781";3479.7856170187;3589.8873965654;3473.45274656;3565.5495056541;12733651076.32;428418835599.9;"2024-06-15T23:59:59.999Z"
"2024-06-14T00:00:00.000Z";"2024-06-14T23:59:59.999Z";"2024-06-14T06:48:00.000Z";"2024-06-14T18:11:00.000Z";"2781";3467.9700789665;3528.6022273996;3366.2238154223;3480.2719181115;15793876595.6;418158547241.71;"2024-06-14T23:59:59.999Z"
"2024-06-13T00:00:00.000Z";"2024-06-13T23:59:59.999Z";"2024-06-13T00:00:00.000Z";"2024-06-13T16:04:00.000Z";"2781";3559.7253193077;3559.7253193077;3431.333461594;3469.2812508702;14472382154.39;416843127562.2;"2024-06-13T23:59:59.999Z"
"2024-06-12T00:00:00.000Z";"2024-06-12T23:59:59.999Z";"2024-06-12T13:08:00.000Z";"2024-06-12T01:43:00.000Z";"2781";3497.8969024022;3652.4922770084;3463.7849882587;3559.6176452473;17142905350.79;427703371598.31;"2024-06-12T23:59:59.999Z"
"2024-06-11T00:00:00.000Z";"2024-06-11T23:59:59.999Z";"2024-06-11T00:20:00.000Z";"2024-06-11T17:29:00.000Z";"2781";3666.3587754205;3669.8909148257;3434.7489274403;3498.3305497967;19184721538.17;420344372329.54;"2024-06-11T23:59:59.999Z"
"2024-06-10T00:00:00.000Z";"2024-06-10T23:59:59.999Z";"2024-06-10T15:55:00.000Z";"2024-06-10T08:00:00.000Z";"2781";3705.8772936141;3711.4286970156;3648.1646308746;3666.7175217484;10377300126.33;440571392781.79;"2024-06-10T23:59:59.999Z"
"2024-06-09T00:00:00.000Z";"2024-06-09T23:59:59.999Z";"2024-06-09T21:52:00.000Z";"2024-06-09T03:00:00.000Z";"2781";3680.9360010653;3719.3677636813;3668.1236382175;3705.903804425;7910768788.46;445269327128.79;"2024-06-09T23:59:59.999Z"
"2024-06-08T00:00:00.000Z";"2024-06-08T23:59:59.999Z";"2024-06-08T08:00:00.000Z";"2024-06-08T13:33:00.000Z";"2781";3677.4003240497;3707.4972781583;3669.6378711189;3680.9498987428;9096091805.12;442263268173.62;"2024-06-08T23:59:59.999Z"
"2024-06-07T00:00:00.000Z";"2024-06-07T23:59:59.999Z";"2024-06-07T12:04:00.000Z";"2024-06-07T18:15:00.000Z";"2781";3811.6661034756;3838.452027748;3615.2803367293;3678.6291223463;18220286186.1;441985672709.24;"2024-06-07T23:59:59.999Z"
"2024-06-06T00:00:00.000Z";"2024-06-06T23:59:59.999Z";"2024-06-06T02:32:00.000Z";"2024-06-06T20:03:00.000Z";"2781";3864.2633264755;3878.0522687844;3761.7752839845;3811.6058513145;13606583872.52;457968115122.12;"2024-06-06T23:59:59.999Z"
"2024-06-05T00:00:00.000Z";"2024-06-05T23:59:59.999Z";"2024-06-05T20:02:00.000Z";"2024-06-05T05:45:00.000Z";"2781";3812.5608058887;3887.4859360656;3778.6556903891;3864.26094797;15480034433.97;464284892747.17;"2024-06-05T23:59:59.999Z"
"2024-06-04T00:00:00.000Z";"2024-06-04T23:59:59.999Z";"2024-06-04T17:19:00.000Z";"2024-06-04T00:21:00.000Z";"2781";3766.4762099946;3831.3650348755;3738.1343373477;3812.5159093596;13331489270.76;458066873796.56;"2024-06-04T23:59:59.999Z"
"2024-06-03T00:00:00.000Z";"2024-06-03T23:59:59.999Z";"2024-06-03T13:51:00.000Z";"2024-06-03T17:13:00.000Z";"2781";3780.854358203;3848.6029277224;3758.919920666;3766.389156937;14082454300.19;452514901426.29;"2024-06-03T23:59:59.999Z"
"2024-06-02T00:00:00.000Z";"2024-06-02T23:59:59.999Z";"2024-06-02T01:04:00.000Z";"2024-06-02T18:06:00.000Z";"2781";3813.2757144186;3834.9118506426;3752.4145919784;3780.8958883416;11126903059.46;454246781835.3;"2024-06-02T23:59:59.999Z"
"2024-06-01T00:00:00.000Z";"2024-06-01T23:59:59.999Z";"2024-06-01T22:28:00.000Z";"2024-06-01T00:26:00.000Z";"2781";3759.8843164812;3829.2947365755;3749.8400407537;3813.1988663448;8661024535.04;458134916872.79;"2024-06-01T23:59:59.999Z"
"2024-05-31T00:00:00.000Z";"2024-05-31T23:59:59.999Z";"2024-05-31T12:39:00.000Z";"2024-05-31T16:19:00.000Z";"2781";3746.8616075985;3843.8575892177;3723.8351968874;3760.0266864262;15290700646.46;451715442766.51;"2024-05-31T23:59:59.999Z"
"2024-05-30T00:00:00.000Z";"2024-05-30T23:59:59.999Z";"2024-05-30T17:38:00.000Z";"2024-05-30T08:25:00.000Z";"2781";3763.3575456841;3823.6433955281;3702.2635549334;3746.8497204402;15065849796.65;450146821807.33;"2024-05-30T23:59:59.999Z"
"2024-05-29T00:00:00.000Z";"2024-05-29T23:59:59.999Z";"2024-05-29T04:28:00.000Z";"2024-05-29T20:11:00.000Z";"2781";3840.2350977618;3880.6483838846;3742.0412308946;3763.1964574929;17411416735.59;452123742604.49;"2024-05-29T23:59:59.999Z"
"2024-05-28T00:00:00.000Z";"2024-05-28T23:59:59.999Z";"2024-05-28T10:18:00.000Z";"2024-05-28T18:53:00.000Z";"2781";3892.0969133499;3924.8956458281;3771.2138970567;3840.2564321309;19846044323.95;461356751458.46;"2024-05-28T23:59:59.999Z"
"2024-05-27T00:00:00.000Z";"2024-05-27T23:59:59.999Z";"2024-05-27T15:48:00.000Z";"2024-05-27T00:05:00.000Z";"2781";3826.127215448;3973.5564375729;3821.9303895218;3892.0067337073;18949181813.45;467573109133.61;"2024-05-27T23:59:59.999Z"
"2024-05-26T00:00:00.000Z";"2024-05-26T23:59:59.999Z";"2024-05-26T16:50:00.000Z";"2024-05-26T02:47:00.000Z";"2781";3749.1799031489;3879.4707596807;3732.022855265;3825.8975522959;14650794791.3;459651311321.1;"2024-05-26T23:59:59.999Z"
"2024-05-25T00:00:00.000Z";"2024-05-25T23:59:59.999Z";"2024-05-25T04:49:00.000Z";"2024-05-25T01:00:00.000Z";"2781";3726.9756960247;3776.0064706466;3710.5283440936;3749.2365712546;10000027763.62;450399344706.75;"2024-05-25T23:59:59.999Z"
"2024-05-24T00:00:00.000Z";"2024-05-24T23:59:59.999Z";"2024-05-24T00:48:00.000Z";"2024-05-24T08:28:00.000Z";"2781";3776.9923096617;3825.1226266863;3631.9903104065;3726.9345506864;22257061429.03;447725879132.23;"2024-05-24T23:59:59.999Z"
"2024-05-23T00:00:00.000Z";"2024-05-23T23:59:59.999Z";"2024-05-23T12:26:00.000Z";"2024-05-23T20:01:00.000Z";"2781";3737.1783711697;3943.5538773174;3552.6426887874;3776.9272979593;45623656317.06;453729882488.28;"2024-05-23T23:59:59.999Z"
"2024-05-22T00:00:00.000Z";"2024-05-22T23:59:59.999Z";"2024-05-22T03:25:00.000Z";"2024-05-22T12:54:00.000Z";"2781";3789.3727450695;3810.9483895819;3655.0752310347;3737.2178676292;25155809460.99;448941674043;"2024-05-22T23:59:59.999Z"
"2024-05-21T00:00:00.000Z";"2024-05-21T23:59:59.999Z";"2024-05-21T16:32:00.000Z";"2024-05-21T05:34:00.000Z";"2781";3663.0113273344;3837.3727651291;3628.0965152614;3789.3128212647;37643853966.74;455207680322.76;"2024-05-21T23:59:59.999Z"
"2024-05-20T00:00:00.000Z";"2024-05-20T23:59:59.999Z";"2024-05-20T23:30:00.000Z";"2024-05-20T01:34:00.000Z";"2781";3071.858800454;3690.8057880142;3050.2978204766;3663.8555706363;31228143947.79;440024925188.83;"2024-05-20T23:59:59.999Z"
"2024-05-19T00:00:00.000Z";"2024-05-19T23:59:59.999Z";"2024-05-19T02:50:00.000Z";"2024-05-19T21:35:00.000Z";"2781";3122.8246688908;3137.1484010623;3056.754317396;3071.8429493039;8747800800.03;369005020735.37;"2024-05-19T23:59:59.999Z"
"2024-05-18T00:00:00.000Z";"2024-05-18T23:59:59.999Z";"2024-05-18T11:50:00.000Z";"2024-05-18T01:23:00.000Z";"2781";3094.5533606111;3146.7905877177;3087.7043891359;3122.9490620548;9407051320.37;375120780067.35;"2024-05-18T23:59:59.999Z"
"2024-05-17T00:00:00.000Z";"2024-05-17T23:59:59.999Z";"2024-05-17T16:02:00.000Z";"2024-05-17T01:26:00.000Z";"2781";2945.1370791205;3120.3017235837;2934.1124973326;3094.1187606136;14449438097.3;371718713354.4;"2024-05-17T23:59:59.999Z"
"2024-05-16T00:00:00.000Z";"2024-05-16T23:59:59.999Z";"2024-05-16T00:12:00.000Z";"2024-05-16T22:12:00.000Z";"2781";3036.0142297058;3041.807099496;2925.0873652579;2945.1310661054;13035465175.78;353765184523.58;"2024-05-16T23:59:59.999Z"
"2024-05-15T00:00:00.000Z";"2024-05-15T23:59:59.999Z";"2024-05-15T23:47:00.000Z";"2024-05-15T00:55:00.000Z";"2781";2881.2246343025;3041.6023150821;2864.7354452775;3037.0566448959;14666902956.29;364676122807.42;"2024-05-15T23:59:59.999Z"
"2024-05-14T00:00:00.000Z";"2024-05-14T23:59:59.999Z";"2024-05-14T01:41:00.000Z";"2024-05-14T17:40:00.000Z";"2781";2949.2131761383;2959.5465554562;2863.5458419329;2881.1580525016;12444516140.08;346078259351.88;"2024-05-14T23:59:59.999Z"
"2024-05-13T00:00:00.000Z";"2024-05-13T23:59:59.999Z";"2024-05-13T09:28:00.000Z";"2024-05-13T03:16:00.000Z";"2781";2928.8140505568;2994.8692125741;2865.1344806789;2949.3595613636;13352264795.07;354239638473.92;"2024-05-13T23:59:59.999Z"
"2024-05-12T00:00:00.000Z";"2024-05-12T23:59:59.999Z";"2024-05-12T16:22:00.000Z";"2024-05-12T07:35:00.000Z";"2781";2911.6582202981;2953.0474655271;2902.2019506494;2928.7020128967;5908941395.24;351783417609.47;"2024-05-12T23:59:59.999Z"
"2024-05-11T00:00:00.000Z";"2024-05-11T23:59:59.999Z";"2024-05-11T15:20:00.000Z";"2024-05-11T11:18:00.000Z";"2781";2909.8455099469;2942.1786639261;2888.0833685797;2911.6020562027;6795916454.2;349716696912.99;"2024-05-11T23:59:59.999Z"
"2024-05-10T00:00:00.000Z";"2024-05-10T23:59:59.999Z";"2024-05-10T07:04:00.000Z";"2024-05-10T17:52:00.000Z";"2781";3036.2312579481;3052.7294586006;2881.0006336126;2909.791147181;12278653601.04;349493716675.52;"2024-05-10T23:59:59.999Z"
"2024-05-09T00:00:00.000Z";"2024-05-09T23:59:59.999Z";"2024-05-09T22:49:00.000Z";"2024-05-09T11:05:00.000Z";"2781";2973.9716830647;3057.9583614477;2951.2239595125;3036.0205832059;10861947178.55;364667292116.55;"2024-05-09T23:59:59.999Z"
"2024-05-08T00:00:00.000Z";"2024-05-08T23:59:59.999Z";"2024-05-08T03:46:00.000Z";"2024-05-08T20:46:00.000Z";"2781";3006.315714983;3037.196015902;2938.4727608189;2973.6572439316;11791662157.83;357183876075.5;"2024-05-08T23:59:59.999Z"
"2024-05-07T00:00:00.000Z";"2024-05-07T23:59:59.999Z";"2024-05-07T09:21:00.000Z";"2024-05-07T23:58:00.000Z";"2781";3062.7509501405;3129.0812896364;3003.0136161586;3006.5771141232;11743187337.02;361063137871.36;"2024-05-07T23:59:59.999Z"
"2024-05-06T00:00:00.000Z";"2024-05-06T23:59:59.999Z";"2024-05-06T08:28:00.000Z";"2024-05-06T19:17:00.000Z";"2781";3137.5101427056;3220.152341996;3048.2386139593;3062.7286748572;13008587254.71;367835153604.59;"2024-05-06T23:59:59.999Z"
"2024-05-05T00:00:00.000Z";"2024-05-05T23:59:59.999Z";"2024-05-05T08:51:00.000Z";"2024-05-05T03:31:00.000Z";"2781";3117.6368718395;3170.0551194299;3075.5861688348;3137.2489184783;8783447638.67;376807893129.84;"2024-05-05T23:59:59.999Z"
"2024-05-04T00:00:00.000Z";"2024-05-04T23:59:59.999Z";"2024-05-04T11:02:00.000Z";"2024-05-04T02:08:00.000Z";"2781";3103.6195720379;3167.5411454897;3096.2676040184;3117.5765307871;8283229638.23;374415036159.29;"2024-05-04T23:59:59.999Z"
"2024-05-03T00:00:00.000Z";"2024-05-03T23:59:59.999Z";"2024-05-03T20:51:00.000Z";"2024-05-03T10:44:00.000Z";"2781";2988.1346227032;3127.155372633;2960.1821909195;3103.5421091631;12862183229.23;372726130111.2;"2024-05-03T23:59:59.999Z"
"2024-05-02T00:00:00.000Z";"2024-05-02T23:59:59.999Z";"2024-05-02T21:41:00.000Z";"2024-05-02T01:39:00.000Z";"2781";2969.7943398876;3015.0503704229;2894.3297806562;2988.1685074957;13163903902.94;358849990940.77;"2024-05-02T23:59:59.999Z"
"2024-05-01T00:00:00.000Z";"2024-05-01T23:59:59.999Z";"2024-05-01T00:12:00.000Z";"2024-05-01T08:22:00.000Z";"2781";3011.0156648257;3020.1734575542;2815.9232415551;2969.7847870643;20005057444.9;362491631190.64;"2024-05-01T23:59:59.999Z"
"2024-04-30T00:00:00.000Z";"2024-04-30T23:59:59.999Z";"2024-04-30T00:55:00.000Z";"2024-04-30T20:00:00.000Z";"2781";3215.381183457;3249.3784854073;2918.2288692534;3012.2867437495;18266894652.6;367513717992.83;"2024-04-30T23:59:59.999Z"
"2024-04-29T00:00:00.000Z";"2024-04-29T23:59:59.999Z";"2024-04-29T01:37:00.000Z";"2024-04-29T13:51:00.000Z";"2781";3262.3408974317;3285.4686346124;3116.1999355619;3215.4289697146;15032246815.83;392453053426.48;"2024-04-29T23:59:59.999Z"
"2024-04-28T00:00:00.000Z";"2024-04-28T23:59:59.999Z";"2024-04-28T18:48:00.000Z";"2024-04-28T00:13:00.000Z";"2781";3252.245584617;3351.1765359736;3249.1492057664;3262.7747417145;11379192677.61;398178669381.67;"2024-04-28T23:59:59.999Z"
"2024-04-27T00:00:00.000Z";"2024-04-27T23:59:59.999Z";"2024-04-27T18:05:00.000Z";"2024-04-27T01:19:00.000Z";"2781";3129.72700153;3279.4512661088;3071.3399882045;3252.168175642;11820785576.93;396940718034.75;"2024-04-27T23:59:59.999Z"
"2024-04-26T00:00:00.000Z";"2024-04-26T23:59:59.999Z";"2024-04-26T14:14:00.000Z";"2024-04-26T15:35:00.000Z";"2781";3156.3841314689;3166.1886151238;3103.1040917462;3130.1647111846;10622333862.32;381981442515.81;"2024-04-26T23:59:59.999Z"
"2024-04-25T00:00:00.000Z";"2024-04-25T23:59:59.999Z";"2024-04-25T21:36:00.000Z";"2024-04-25T10:32:00.000Z";"2781";3139.6243321518;3190.9761980058;3074.8046229011;3156.5095419628;13989030260.49;385230800029.64;"2024-04-25T23:59:59.999Z"
"2024-04-24T00:00:00.000Z";"2024-04-24T23:59:59.999Z";"2024-04-24T12:11:00.000Z";"2024-04-24T19:03:00.000Z";"2781";3219.9569717245;3292.9217463608;3105.9821087742;3139.8052689528;14000234759.59;383182233749.96;"2024-04-24T23:59:59.999Z"
"2024-04-23T00:00:00.000Z";"2024-04-23T23:59:59.999Z";"2024-04-23T14:34:00.000Z";"2024-04-23T08:13:00.000Z";"2781";3201.5885876778;3264.4194413336;3154.5897433276;3219.9115412341;11054442653.07;392971157421.64;"2024-04-23T23:59:59.999Z"
"2024-04-22T00:00:00.000Z";"2024-04-22T23:59:59.999Z";"2024-04-22T06:48:00.000Z";"2024-04-22T02:09:00.000Z";"2781";3147.6635901864;3236.6591436083;3131.3674931333;3201.6520567626;12063858732.96;384422319765.72;"2024-04-22T23:59:59.999Z"
"2024-04-21T00:00:00.000Z";"2024-04-21T23:59:59.999Z";"2024-04-21T03:09:00.000Z";"2024-04-21T16:41:00.000Z";"2781";3157.5710080198;3197.5064023833;3119.5521080817;3147.2884742744;9394387894.31;377899123113.36;"2024-04-21T23:59:59.999Z"
"2024-04-20T00:00:00.000Z";"2024-04-20T23:59:59.999Z";"2024-04-20T20:12:00.000Z";"2024-04-20T01:04:00.000Z";"2781";3059.4779479954;3170.6728002825;3021.7848379176;3157.6272042778;9918642130.05;379136308856.52;"2024-04-20T23:59:59.999Z"
"2024-04-19T00:00:00.000Z";"2024-04-19T23:59:59.999Z";"2024-04-19T07:06:00.000Z";"2024-04-19T02:43:00.000Z";"2781";3065.9530926436;3127.1150463702;2868.7958260107;3059.2784549759;20399982866.88;367361791165.13;"2024-04-19T23:59:59.999Z"
"2024-04-18T00:00:00.000Z";"2024-04-18T23:59:59.999Z";"2024-04-18T15:01:00.000Z";"2024-04-18T00:39:00.000Z";"2781";2984.7054426067;3094.8420765586;2956.12750822;3066.0276299664;15183777035.31;368135477475.74;"2024-04-18T23:59:59.999Z"
"2024-04-17T00:00:00.000Z";"2024-04-17T23:59:59.999Z";"2024-04-17T04:55:00.000Z";"2024-04-17T16:08:00.000Z";"2781";3084.9234891187;3123.6697722327;2918.5535921316;2984.7276279516;17711869374.77;358378757749.83;"2024-04-17T23:59:59.999Z"
"2024-04-16T00:00:00.000Z";"2024-04-16T23:59:59.999Z";"2024-04-16T07:38:00.000Z";"2024-04-16T04:47:00.000Z";"2781";3101.1405723394;3127.1609903532;2997.7547544466;3084.9201649655;19441391169.24;370408021051.68;"2024-04-16T23:59:59.999Z"
"2024-04-15T00:00:00.000Z";"2024-04-15T23:59:59.999Z";"2024-04-15T11:06:00.000Z";"2024-04-15T19:08:00.000Z";"2781";3156.8301726537;3277.5616257879;3026.5388522769;3101.6004461125;21925843181.29;372352323185.11;"2024-04-15T23:59:59.999Z"
"2024-04-14T00:00:00.000Z";"2024-04-14T23:59:59.999Z";"2024-04-14T23:23:00.000Z";"2024-04-14T00:27:00.000Z";"2781";3005.5476404634;3174.6666043521;2914.4228067827;3156.9419671803;25486284993.68;379048988304.69;"2024-04-14T23:59:59.999Z"
"2024-04-13T00:00:00.000Z";"2024-04-13T23:59:59.999Z";"2024-04-13T11:11:00.000Z";"2024-04-13T20:10:00.000Z";"2781";3242.9409291735;3299.663857998;2862.3936644865;3004.9004445232;29930408174.43;360877472068.23;"2024-04-13T23:59:59.999Z"
"2024-04-12T00:00:00.000Z";"2024-04-12T23:59:59.999Z";"2024-04-12T04:54:00.000Z";"2024-04-12T18:37:00.000Z";"2781";3505.3297357114;3552.5889905112;3103.4300830673;3243.0349552157;22104869556.28;389383039545.48;"2024-04-12T23:59:59.999Z"
"2024-04-11T00:00:00.000Z";"2024-04-11T23:59:59.999Z";"2024-04-11T08:51:00.000Z";"2024-04-11T16:40:00.000Z";"2781";3543.4521881895;3616.1942370001;3477.1712173302;3505.2478538631;14076734488.78;420886866941.55;"2024-04-11T23:59:59.999Z"
"2024-04-10T00:00:00.000Z";"2024-04-10T23:59:59.999Z";"2024-04-10T22:26:00.000Z";"2024-04-10T12:40:00.000Z";"2781";3505.1560355971;3561.5162685333;3415.1803358212;3543.7371333979;16872482725.98;425462971354.56;"2024-04-10T23:59:59.999Z"
"2024-04-09T00:00:00.000Z";"2024-04-09T23:59:59.999Z";"2024-04-09T02:29:00.000Z";"2024-04-09T17:13:00.000Z";"2781";3695.3418414;3724.9224713793;3455.1075967866;3505.1633552903;18279773833.41;420865715374.07;"2024-04-09T23:59:59.999Z"
"2024-04-08T00:00:00.000Z";"2024-04-08T23:59:59.999Z";"2024-04-08T23:02:00.000Z";"2024-04-08T03:12:00.000Z";"2781";3453.4987171847;3727.6165574482;3409.511800268;3695.2928436091;19055143128.58;443701699932.46;"2024-04-08T23:59:59.999Z"
"2024-04-07T00:00:00.000Z";"2024-04-07T23:59:59.999Z";"2024-04-07T23:47:00.000Z";"2024-04-07T00:31:00.000Z";"2781";3354.2137684538;3458.5082353432;3346.1147174127;3453.4945694385;9931108525.52;414660162811.1;"2024-04-07T23:59:59.999Z"
"2024-04-06T00:00:00.000Z";"2024-04-06T23:59:59.999Z";"2024-04-06T23:10:00.000Z";"2024-04-06T02:38:00.000Z";"2781";3318.8647857342;3397.5925346883;3308.98328885;3354.1838630574;8956926797.94;402735310353.76;"2024-04-06T23:59:59.999Z"
"2024-04-05T00:00:00.000Z";"2024-04-05T23:59:59.999Z";"2024-04-05T19:36:00.000Z";"2024-04-05T12:05:00.000Z";"2781";3330.0058288832;3345.6664651503;3214.2440765383;3318.8851690847;15214447091.66;399769846956.52;"2024-04-05T23:59:59.999Z"
"2024-04-04T00:00:00.000Z";"2024-04-04T23:59:59.999Z";"2024-04-04T18:05:00.000Z";"2024-04-04T04:24:00.000Z";"2781";3311.4953730026;3443.2074686844;3253.3192347733;3330.0405943762;14476330516.95;399909422386.95;"2024-04-04T23:59:59.999Z"
"2024-04-03T00:00:00.000Z";"2024-04-03T23:59:59.999Z";"2024-04-03T16:34:00.000Z";"2024-04-03T00:40:00.000Z";"2781";3277.3243304867;3368.1115876177;3205.6491168976;3311.4417832567;16010734587.12;397608893144.01;"2024-04-03T23:59:59.999Z"
"2024-04-02T00:00:00.000Z";"2024-04-02T23:59:59.999Z";"2024-04-02T00:07:00.000Z";"2024-04-02T16:05:00.000Z";"2781";3504.8183298742;3506.9628507527;3215.9851269793;3277.2346988709;22076539151;393510716982.21;"2024-04-02T23:59:59.999Z"
"2024-04-01T00:00:00.000Z";"2024-04-01T23:59:59.999Z";"2024-04-01T00:00:00.000Z";"2024-04-01T17:38:00.000Z";"2781";3647.819701525;3648.1292263639;3418.6952988898;3505.0300386444;16002098681.21;420826425525.22;"2024-04-01T23:59:59.999Z"
"2024-03-31T00:00:00.000Z";"2024-03-31T23:59:59.999Z";"2024-03-31T18:50:00.000Z";"2024-03-31T00:01:00.000Z";"2781";3507.9515480011;3655.2189960386;3507.2427813377;3647.8563802749;10499881424.22;437995776899.17;"2024-03-31T23:59:59.999Z"
"2024-03-30T00:00:00.000Z";"2024-03-30T23:59:59.999Z";"2024-03-30T12:01:00.000Z";"2024-03-30T04:02:00.000Z";"2781";3511.8276215146;3566.0845516891;3489.9020006972;3507.9443628819;9389066783.02;421201618786.64;"2024-03-30T23:59:59.999Z"
"2024-03-29T00:00:00.000Z";"2024-03-29T23:59:59.999Z";"2024-03-29T01:41:00.000Z";"2024-03-29T17:53:00.000Z";"2781";3561.0118151806;3583.7014391538;3475.7254720045;3511.8061663441;12712701619.31;421667718721.24;"2024-03-29T23:59:59.999Z"
"2024-03-28T00:00:00.000Z";"2024-03-28T23:59:59.999Z";"2024-03-28T14:52:00.000Z";"2024-03-28T02:46:00.000Z";"2781";3500.2161386197;3609.7052701898;3465.3323541462;3561.2940584236;16419674157.26;427577249073.79;"2024-03-28T23:59:59.999Z"
"2024-03-27T00:00:00.000Z";"2024-03-27T23:59:59.999Z";"2024-03-27T13:31:00.000Z";"2024-03-27T19:01:00.000Z";"2781";3587.3136178616;3664.3829870496;3460.3936465777;3500.1152241991;18753082144.63;420282205190.63;"2024-03-27T23:59:59.999Z"
"2024-03-26T00:00:00.000Z";"2024-03-26T23:59:59.999Z";"2024-03-26T07:30:00.000Z";"2024-03-26T16:45:00.000Z";"2781";3591.0852067538;3678.7898114046;3545.4287362414;3587.5050017026;18505553576.56;430743153736.45;"2024-03-26T23:59:59.999Z"
"2024-03-25T00:00:00.000Z";"2024-03-25T23:59:59.999Z";"2024-03-25T17:33:00.000Z";"2024-03-25T00:42:00.000Z";"2781";3454.8856636929;3657.1189175491;3421.7904966077;3590.883772924;18603921704.65;431196903141.81;"2024-03-25T23:59:59.999Z"
"2024-03-24T00:00:00.000Z";"2024-03-24T23:59:59.999Z";"2024-03-24T23:21:00.000Z";"2024-03-24T04:41:00.000Z";"2781";3336.6661018468;3470.3444800249;3301.277237526;3454.6364675678;12156660941.14;414841195862.23;"2024-03-24T23:59:59.999Z"
"2024-03-23T00:00:00.000Z";"2024-03-23T23:59:59.999Z";"2024-03-23T16:48:00.000Z";"2024-03-23T03:38:00.000Z";"2781";3335.5924585125;3433.758157177;3273.115385761;3336.59407842;13242137554.47;400644940935.81;"2024-03-23T23:59:59.999Z"
"2024-03-22T00:00:00.000Z";"2024-03-22T23:59:59.999Z";"2024-03-22T06:11:00.000Z";"2024-03-22T21:38:00.000Z";"2781";3492.8979535602;3541.8982867322;3254.9692803855;3333.6879909565;20574952329.43;400516287116.27;"2024-03-22T23:59:59.999Z"
"2024-03-21T00:00:00.000Z";"2024-03-21T23:59:59.999Z";"2024-03-21T09:09:00.000Z";"2024-03-21T18:45:00.000Z";"2781";3514.0174797557;3586.9049153382;3412.2227043805;3492.9913315229;22213647921.92;419407322334.27;"2024-03-21T23:59:59.999Z"
"2024-03-20T00:00:00.000Z";"2024-03-20T23:59:59.999Z";"2024-03-20T23:42:00.000Z";"2024-03-20T05:25:00.000Z";"2781";3158.3968435468;3534.8264456585;3059.6548999221;3513.3930322852;36605316330.75;421947979245.64;"2024-03-20T23:59:59.999Z"
"2024-03-19T00:00:00.000Z";"2024-03-19T23:59:59.999Z";"2024-03-19T00:21:00.000Z";"2024-03-19T23:26:00.000Z";"2781";3518.3476313048;3546.5822520138;3149.2867688416;3157.6181789707;34166976701.14;379252163859.28;"2024-03-19T23:59:59.999Z"
"2024-03-18T00:00:00.000Z";"2024-03-18T23:59:59.999Z";"2024-03-18T00:00:00.000Z";"2024-03-18T17:10:00.000Z";"2781";3642.2988844518;3642.4969855227;3456.0911967779;3517.9851297273;21162220223.79;422635979695.19;"2024-03-18T23:59:59.999Z"
"2024-03-17T00:00:00.000Z";"2024-03-17T23:59:59.999Z";"2024-03-17T22:42:00.000Z";"2024-03-17T07:23:00.000Z";"2781";3523.029840491;3676.2635268044;3414.1723814514;3642.4130062163;19938757095.26;437365362293.23;"2024-03-17T23:59:59.999Z"
"2024-03-16T00:00:00.000Z";"2024-03-16T23:59:59.999Z";"2024-03-16T01:10:00.000Z";"2024-03-16T23:19:00.000Z";"2781";3736.1049053457;3780.8944949555;3468.0793035993;3522.8601999489;20199855931.51;423047432765.48;"2024-03-16T23:59:59.999Z"
"2024-03-15T00:00:00.000Z";"2024-03-15T23:59:59.999Z";"2024-03-15T00:36:00.000Z";"2024-03-15T09:15:00.000Z";"2781";3882.8568189745;3928.7755738789;3571.7746979688;3735.2202545607;33505075433.33;448641609936.25;"2024-03-15T23:59:59.999Z"
"2024-03-14T00:00:00.000Z";"2024-03-14T23:59:59.999Z";"2024-03-14T00:25:00.000Z";"2024-03-14T19:44:00.000Z";"2781";4005.7451873661;4011.1027698424;3721.7886722247;3883.1403559222;25434810822.75;466276052158.82;"2024-03-14T23:59:59.999Z"
"2024-03-13T00:00:00.000Z";"2024-03-13T23:59:59.999Z";"2024-03-13T08:31:00.000Z";"2024-03-13T13:58:00.000Z";"2781";3980.2651509852;4083.0072485423;3936.6271885915;4006.4569519054;22028114690.77;481048430653.87;"2024-03-13T23:59:59.999Z"
"2024-03-12T00:00:00.000Z";"2024-03-12T23:59:59.999Z";"2024-03-12T00:21:00.000Z";"2024-03-12T17:23:00.000Z";"2781";4066.6903533977;4092.2841423537;3831.8898565331;3980.2732438521;26917010932.18;478003888346.22;"2024-03-12T23:59:59.999Z"
"2024-03-11T00:00:00.000Z";"2024-03-11T23:59:59.999Z";"2024-03-11T18:23:00.000Z";"2024-03-11T00:53:00.000Z";"2781";3881.2377350386;4087.0499697852;3745.1252472431;4066.4449901418;28806262506.99;488401773064.44;"2024-03-11T23:59:59.999Z"
"2024-03-10T00:00:00.000Z";"2024-03-10T23:59:59.999Z";"2024-03-10T08:59:00.000Z";"2024-03-10T22:58:00.000Z";"2781";3915.5906103961;3968.7237511992;3800.5644171887;3881.1931892574;15783924355.16;466138296994.82;"2024-03-10T23:59:59.999Z"
"2024-03-09T00:00:00.000Z";"2024-03-09T23:59:59.999Z";"2024-03-09T07:08:00.000Z";"2024-03-09T17:14:00.000Z";"2781";3892.1192458942;3950.3964482237;3880.65902772;3915.4188666516;11926623779.52;470282726399.39;"2024-03-09T23:59:59.999Z"
"2024-03-08T00:00:00.000Z";"2024-03-08T23:59:59.999Z";"2024-03-08T15:31:00.000Z";"2024-03-08T16:15:00.000Z";"2781";3874.8308219558;3998.8262970391;3828.3633617664;3892.0611394225;26135487051.07;467479204410.04;"2024-03-08T23:59:59.999Z"
"2024-03-07T00:00:00.000Z";"2024-03-07T23:59:59.999Z";"2024-03-07T20:51:00.000Z";"2024-03-07T06:11:00.000Z";"2781";3818.3110545224;3939.5939969521;3738.6853028509;3874.34770171;22457177586.62;465421528099.82;"2024-03-07T23:59:59.999Z"
"2024-03-06T00:00:00.000Z";"2024-03-06T23:59:59.999Z";"2024-03-06T12:08:00.000Z";"2024-03-06T02:55:00.000Z";"2781";3554.0678215221;3901.4343209377;3502.8024694795;3819.2263127658;34938642613.49;458654737259.72;"2024-03-06T23:59:59.999Z"
"2024-03-05T00:00:00.000Z";"2024-03-05T23:59:59.999Z";"2024-03-05T15:05:00.000Z";"2024-03-05T19:58:00.000Z";"2781";3631.9289398051;3828.1595983796;3224.1194435907;3554.9646483227;47706899136.72;426939973586.42;"2024-03-05T23:59:59.999Z"
"2024-03-04T00:00:00.000Z";"2024-03-04T23:59:59.999Z";"2024-03-04T23:42:00.000Z";"2024-03-04T00:50:00.000Z";"2781";3489.340085297;3641.4592187664;3446.0174960025;3630.4338191612;26772963830.12;436135402402.68;"2024-03-04T23:59:59.999Z"
"2024-03-03T00:00:00.000Z";"2024-03-03T23:59:59.999Z";"2024-03-03T22:21:00.000Z";"2024-03-03T07:28:00.000Z";"2781";3422.8752278555;3491.1685244957;3372.2141275478;3490.9936365072;13643324466.84;419394728670.73;"2024-03-03T23:59:59.999Z"
"2024-03-02T00:00:00.000Z";"2024-03-02T23:59:59.999Z";"2024-03-02T00:39:00.000Z";"2024-03-02T14:42:00.000Z";"2781";3436.1591270651;3459.7474094914;3398.8989905532;3422.0499214588;12024340617.03;411121225380.6;"2024-03-02T23:59:59.999Z"
"2024-03-01T00:00:00.000Z";"2024-03-01T23:59:59.999Z";"2024-03-01T21:18:00.000Z";"2024-03-01T00:05:00.000Z";"2781";3341.9657966511;3452.6262589986;3341.8510568769;3435.0539291971;16880101986.53;412694537324.83;"2024-03-01T23:59:59.999Z"
"2024-02-29T00:00:00.000Z";"2024-02-29T23:59:59.999Z";"2024-02-29T11:37:00.000Z";"2024-02-29T22:45:00.000Z";"2781";3386.8026685869;3518.9691433387;3303.9053664501;3341.9196033518;28469171094.48;401521910329.79;"2024-02-29T23:59:59.999Z"
"2024-02-28T00:00:00.000Z";"2024-02-28T23:59:59.999Z";"2024-02-28T17:16:00.000Z";"2024-02-28T17:32:00.000Z";"2781";3243.893190606;3485.4508465621;3201.5759216815;3385.7039697372;32885894264.55;406795707755.71;"2024-02-28T23:59:59.999Z"
"2024-02-27T00:00:00.000Z";"2024-02-27T23:59:59.999Z";"2024-02-27T12:55:00.000Z";"2024-02-27T00:43:00.000Z";"2781";3178.404966824;3287.9580523622;3167.8305386589;3244.5192465031;21090315368.02;389840801982.15;"2024-02-27T23:59:59.999Z"
"2024-02-26T00:00:00.000Z";"2024-02-26T23:59:59.999Z";"2024-02-26T20:09:00.000Z";"2024-02-26T09:58:00.000Z";"2781";3112.5290211809;3197.3750468533;3037.9545468347;3178.9936936058;17504464351.23;381973378115.51;"2024-02-26T23:59:59.999Z"
"2024-02-25T00:00:00.000Z";"2024-02-25T23:59:59.999Z";"2024-02-25T20:20:00.000Z";"2024-02-25T00:24:00.000Z";"2781";2992.3667151031;3117.4290251364;2984.3929946486;3112.6973529916;14620450463.8;374009336729.28;"2024-02-25T23:59:59.999Z"
"2024-02-24T00:00:00.000Z";"2024-02-24T23:59:59.999Z";"2024-02-24T17:46:00.000Z";"2024-02-24T01:54:00.000Z";"2781";2921.9629837563;3003.1951783518;2907.7006261723;2992.3860957317;10701688842.28;359554764533.4;"2024-02-24T23:59:59.999Z"
"2024-02-23T00:00:00.000Z";"2024-02-23T23:59:59.999Z";"2024-02-23T00:54:00.000Z";"2024-02-23T16:22:00.000Z";"2781";2970.1395572875;2991.3295354392;2906.5837501723;2921.6583093606;12822717058.56;351061910874.88;"2024-02-23T23:59:59.999Z"
"2024-02-22T00:00:00.000Z";"2024-02-22T23:59:59.999Z";"2024-02-22T20:32:00.000Z";"2024-02-22T01:55:00.000Z";"2781";2969.5997887807;3030.665975114;2907.109334608;2971.0073275365;18058908246.15;356999419254.14;"2024-02-22T23:59:59.999Z"
"2024-02-21T00:00:00.000Z";"2024-02-21T23:59:59.999Z";"2024-02-21T00:06:00.000Z";"2024-02-21T14:36:00.000Z";"2781";3015.6532748239;3017.1903949804;2875.4183806347;2970.3555817277;18897136866.62;356926554787.34;"2024-02-21T23:59:59.999Z"
"2024-02-20T00:00:00.000Z";"2024-02-20T23:59:59.999Z";"2024-02-20T23:17:00.000Z";"2024-02-20T09:49:00.000Z";"2781";2944.1065480002;3031.5244668026;2879.9034181441;3013.5036000099;20341598470.02;362116088266.69;"2024-02-20T23:59:59.999Z"
"2024-02-19T00:00:00.000Z";"2024-02-19T23:59:59.999Z";"2024-02-19T22:15:00.000Z";"2024-02-19T01:38:00.000Z";"2781";2881.2969827349;2983.37055143;2860.2636681831;2943.5748006563;15163110588.63;353716174190.18;"2024-02-19T23:59:59.999Z"
"2024-02-18T00:00:00.000Z";"2024-02-18T23:59:59.999Z";"2024-02-18T22:40:00.000Z";"2024-02-18T02:47:00.000Z";"2781";2786.7097235958;2892.8435818157;2767.9131527664;2878.9981551892;23355830478.13;345956120895.87;"2024-02-18T23:59:59.999Z"
"2024-02-17T00:00:00.000Z";"2024-02-17T23:59:59.999Z";"2024-02-17T00:19:00.000Z";"2024-02-17T14:37:00.000Z";"2781";2803.735723747;2805.1286003069;2724.387076354;2786.6726715802;17932379942.82;334860860581.61;"2024-02-17T23:59:59.999Z"
"2024-02-16T00:00:00.000Z";"2024-02-16T23:59:59.999Z";"2024-02-16T01:27:00.000Z";"2024-02-16T19:56:00.000Z";"2781";2825.4806399763;2858.4503314793;2760.3310142769;2803.6914132082;17057114638.17;336907249920.48;"2024-02-16T23:59:59.999Z"
"2024-02-15T00:00:00.000Z";"2024-02-15T23:59:59.999Z";"2024-02-15T15:10:00.000Z";"2024-02-15T05:56:00.000Z";"2781";2777.6014334347;2865.8454515264;2764.0104838477;2824.3789422913;23734481936.55;339396902035.85;"2024-02-15T23:59:59.999Z"
"2024-02-14T00:00:00.000Z";"2024-02-14T23:59:59.999Z";"2024-02-14T21:57:00.000Z";"2024-02-14T02:02:00.000Z";"2781";2641.6853848122;2786.8935903093;2621.0252783547;2777.902245811;21448973821.6;333813029761.01;"2024-02-14T23:59:59.999Z"
"2024-02-13T00:00:00.000Z";"2024-02-13T23:59:59.999Z";"2024-02-13T12:08:00.000Z";"2024-02-13T17:14:00.000Z";"2781";2659.5862188878;2686.4550452762;2599.1693534129;2642.185304207;18271237043.62;317506577415.47;"2024-02-13T23:59:59.999Z"
"2024-02-12T00:00:00.000Z";"2024-02-12T23:59:59.999Z";"2024-02-12T22:47:00.000Z";"2024-02-12T09:52:00.000Z";"2781";2507.5789107654;2663.8427464676;2473.8119528604;2658.1160212768;13022696865.94;319425795479.87;"2024-02-12T23:59:59.999Z"
"2024-02-11T00:00:00.000Z";"2024-02-11T23:59:59.999Z";"2024-02-11T08:20:00.000Z";"2024-02-11T00:16:00.000Z";"2781";2501.1299205658;2537.6791333559;2495.21442429;2507.5705705477;7347245813.2;301336201773.94;"2024-02-11T23:59:59.999Z"
"2024-02-10T00:00:00.000Z";"2024-02-10T23:59:59.999Z";"2024-02-10T21:28:00.000Z";"2024-02-10T10:54:00.000Z";"2781";2487.6503402795;2516.7196385273;2475.8576364815;2501.2283097031;6474444159.47;300577536715.13;"2024-02-10T23:59:59.999Z"
"2024-02-09T00:00:00.000Z";"2024-02-09T23:59:59.999Z";"2024-02-09T18:33:00.000Z";"2024-02-09T00:16:00.000Z";"2781";2419.7736836978;2522.7245803755;2419.3628051407;2487.5156654863;13634203177.48;298941592941.09;"2024-02-09T23:59:59.999Z"
"2024-02-08T00:00:00.000Z";"2024-02-08T23:59:59.999Z";"2024-02-08T15:39:00.000Z";"2024-02-08T07:13:00.000Z";"2781";2424.0801360881;2459.5567450087;2414.7495767412;2419.9065225029;9941841732.12;290825026391.69;"2024-02-08T23:59:59.999Z"
"2024-02-07T00:00:00.000Z";"2024-02-07T23:59:59.999Z";"2024-02-07T20:51:00.000Z";"2024-02-07T10:58:00.000Z";"2781";2372.2627142232;2442.6363242108;2353.7061252216;2423.7450539675;9660628536.26;291290954312.07;"2024-02-07T23:59:59.999Z"
"2024-02-06T00:00:00.000Z";"2024-02-06T23:59:59.999Z";"2024-02-06T20:23:00.000Z";"2024-02-06T00:07:00.000Z";"2781";2298.9551636063;2389.8262434396;2296.7886083253;2372.2018047905;9520885492.97;285099852996.84;"2024-02-06T23:59:59.999Z"
"2024-02-05T00:00:00.000Z";"2024-02-05T23:59:59.999Z";"2024-02-05T13:39:00.000Z";"2024-02-05T01:14:00.000Z";"2781";2289.2054477896;2334.6767004343;2270.0679490957;2298.8889049578;7277068110.42;276287885418.01;"2024-02-05T23:59:59.999Z"
"2024-02-04T00:00:00.000Z";"2024-02-04T23:59:59.999Z";"2024-02-04T12:25:00.000Z";"2024-02-04T19:11:00.000Z";"2781";2296.1169403748;2309.0113435998;2272.3049483925;2289.5461210156;5438100034.9;275163535441.69;"2024-02-04T23:59:59.999Z"
"2024-02-03T00:00:00.000Z";"2024-02-03T23:59:59.999Z";"2024-02-03T01:25:00.000Z";"2024-02-03T15:11:00.000Z";"2781";2307.9801895257;2327.3468513417;2293.5381806546;2296.0382213414;4647754020.93;275941768998.25;"2024-02-03T23:59:59.999Z"
"2024-02-02T00:00:00.000Z";"2024-02-02T23:59:59.999Z";"2024-02-02T12:18:00.000Z";"2024-02-02T14:03:00.000Z";"2781";2303.7059843835;2323.0534867964;2282.2301264309;2308.0380704094;7186143091.25;277384742647.45;"2024-02-02T23:59:59.999Z"
"2024-02-01T00:00:00.000Z";"2024-02-01T23:59:59.999Z";"2024-02-01T17:33:00.000Z";"2024-02-01T02:01:00.000Z";"2781";2282.1753010672;2309.8424784049;2243.5718196558;2303.8248223021;8895583112.69;276879517241.74;"2024-02-01T23:59:59.999Z"
"2024-01-31T00:00:00.000Z";"2024-01-31T23:59:59.999Z";"2024-01-31T00:02:00.000Z";"2024-01-31T21:30:00.000Z";"2781";2343.558868044;2349.6112073599;2264.4435811689;2282.5445423885;10807883277.42;274322642274.31;"2024-01-31T23:59:59.999Z"
"2024-01-30T00:00:00.000Z";"2024-01-30T23:59:59.999Z";"2024-01-30T21:32:00.000Z";"2024-01-30T13:17:00.000Z";"2781";2317.4357258006;2388.8705558953;2298.2820400329;2344.4936977657;10173440062.1;281768999229.49;"2024-01-30T23:59:59.999Z"
"2024-01-29T00:00:00.000Z";"2024-01-29T23:59:59.999Z";"2024-01-29T22:36:00.000Z";"2024-01-29T14:56:00.000Z";"2781";2256.9952487754;2320.027365097;2237.71155131;2317.0641199179;8948195551.16;278470139341.08;"2024-01-29T23:59:59.999Z"
"2024-01-28T00:00:00.000Z";"2024-01-28T23:59:59.999Z";"2024-01-28T05:01:00.000Z";"2024-01-28T22:40:00.000Z";"2781";2268.1927998589;2306.8987236524;2242.6837191554;2257.2088341312;7296214994.2;271274175520.41;"2024-01-28T23:59:59.999Z"
"2024-01-27T00:00:00.000Z";"2024-01-27T23:59:59.999Z";"2024-01-27T01:02:00.000Z";"2024-01-27T08:58:00.000Z";"2781";2267.3192417341;2282.5445166386;2252.3853365087;2267.886077765;5144367229.53;272555235893.58;"2024-01-27T23:59:59.999Z"
"2024-01-26T00:00:00.000Z";"2024-01-26T23:59:59.999Z";"2024-01-26T16:54:00.000Z";"2024-01-26T07:59:00.000Z";"2781";2217.441812726;2280.3837470719;2196.1400644235;2267.1997994558;9975117607.46;272471979597.85;"2024-01-26T23:59:59.999Z"
"2024-01-25T00:00:00.000Z";"2024-01-25T23:59:59.999Z";"2024-01-25T11:14:00.000Z";"2024-01-25T17:09:00.000Z";"2781";2233.969871056;2240.3808937212;2173.6864832032;2217.7102754507;9302247036.65;266524737082.1;"2024-01-25T23:59:59.999Z"
"2024-01-24T00:00:00.000Z";"2024-01-24T23:59:59.999Z";"2024-01-24T10:50:00.000Z";"2024-01-24T20:56:00.000Z";"2781";2241.7498719377;2261.38456973;2197.6567801607;2233.5617665404;10134722959.77;268427474609.75;"2024-01-24T23:59:59.999Z"
"2024-01-23T00:00:00.000Z";"2024-01-23T23:59:59.999Z";"2024-01-23T04:26:00.000Z";"2024-01-23T14:24:00.000Z";"2781";2310.951589518;2348.0312816485;2167.2825115671;2240.6859395359;16182147521.1;269281864601.08;"2024-01-23T23:59:59.999Z"
"2024-01-22T00:00:00.000Z";"2024-01-22T23:59:59.999Z";"2024-01-22T01:07:00.000Z";"2024-01-22T22:47:00.000Z";"2781";2454.9874059847;2463.4472381708;2303.5026978753;2310.8264015416;13923771728.14;277710357859.37;"2024-01-22T23:59:59.999Z"
"2024-01-21T00:00:00.000Z";"2024-01-21T23:59:59.999Z";"2024-01-21T10:32:00.000Z";"2024-01-21T23:58:00.000Z";"2781";2469.7985924004;2479.7604880657;2452.3775814614;2453.9130976476;4578471954.64;294903756221.33;"2024-01-21T23:59:59.999Z"
"2024-01-20T00:00:00.000Z";"2024-01-20T23:59:59.999Z";"2024-01-20T00:00:00.000Z";"2024-01-20T18:45:00.000Z";"2781";2489.8476758871;2489.8476758871;2456.095687406;2469.589122734;5297826161.27;296782924448.38;"2024-01-20T23:59:59.999Z"
"2024-01-19T00:00:00.000Z";"2024-01-19T23:59:59.999Z";"2024-01-19T20:14:00.000Z";"2024-01-19T16:45:00.000Z";"2781";2468.6888660786;2501.3051262158;2414.7109038558;2489.498622694;11405278375.68;299180637171.27;"2024-01-19T23:59:59.999Z"
"2024-01-18T00:00:00.000Z";"2024-01-18T23:59:59.999Z";"2024-01-18T09:12:00.000Z";"2024-01-18T20:37:00.000Z";"2781";2528.5931456777;2546.2640059478;2426.1355641553;2467.018846626;11900028080.34;296481971609.36;"2024-01-18T23:59:59.999Z"
"2024-01-17T00:00:00.000Z";"2024-01-17T23:59:59.999Z";"2024-01-17T01:29:00.000Z";"2024-01-17T22:26:00.000Z";"2781";2587.0446577385;2592.7370122622;2508.4329438489;2528.3694055031;10441017520.49;303858773520.86;"2024-01-17T23:59:59.999Z"
"2024-01-16T00:00:00.000Z";"2024-01-16T23:59:59.999Z";"2024-01-16T21:39:00.000Z";"2024-01-16T14:45:00.000Z";"2781";2510.6273124722;2613.56691877;2500.0039662782;2587.6911147329;11063317094.53;310990707686.45;"2024-01-16T23:59:59.999Z"
"2024-01-15T00:00:00.000Z";"2024-01-15T23:59:59.999Z";"2024-01-15T18:45:00.000Z";"2024-01-15T00:02:00.000Z";"2781";2471.6668709652;2550.7691364314;2470.820758126;2511.3636967714;9700629999.51;301817746260.66;"2024-01-15T23:59:59.999Z"
"2024-01-14T00:00:00.000Z";"2024-01-14T23:59:59.999Z";"2024-01-14T00:01:00.000Z";"2024-01-14T23:57:00.000Z";"2781";2578.0037400176;2578.3323776159;2470.4243233868;2472.241275463;9405587417.21;297118235336.26;"2024-01-14T23:59:59.999Z"
"2024-01-13T00:00:00.000Z";"2024-01-13T23:59:59.999Z";"2024-01-13T23:20:00.000Z";"2024-01-13T01:16:00.000Z";"2781";2522.9338061612;2589.0798502892;2498.5944661585;2576.5979052662;12250316866.58;309658639357.88;"2024-01-13T23:59:59.999Z"
"2024-01-12T00:00:00.000Z";"2024-01-12T23:59:59.999Z";"2024-01-12T15:12:00.000Z";"2024-01-12T22:29:00.000Z";"2781";2619.1769670112;2710.4219412247;2460.9255069364;2524.4601481181;23623839262.54;303393130318.03;"2024-01-12T23:59:59.999Z"
"2024-01-11T00:00:00.000Z";"2024-01-11T23:59:59.999Z";"2024-01-11T15:13:00.000Z";"2024-01-11T02:11:00.000Z";"2781";2584.1715125541;2687.7790185098;2567.9937611675;2619.6190776851;22575246883.35;314832271105.49;"2024-01-11T23:59:59.999Z"
"2024-01-10T00:00:00.000Z";"2024-01-10T23:59:59.999Z";"2024-01-10T23:22:00.000Z";"2024-01-10T00:02:00.000Z";"2781";2344.9235891055;2626.976713066;2341.9430692618;2582.1035282908;29042100476.35;310327971097.28;"2024-01-10T23:59:59.999Z"
"2024-01-09T00:00:00.000Z";"2024-01-09T23:59:59.999Z";"2024-01-09T22:20:00.000Z";"2024-01-09T12:57:00.000Z";"2781";2332.8681013669;2369.6416386035;2243.2193516662;2344.8271586295;14891130715.61;281810605623.02;"2024-01-09T23:59:59.999Z"
"2024-01-08T00:00:00.000Z";"2024-01-08T23:59:59.999Z";"2024-01-08T20:01:00.000Z";"2024-01-08T03:28:00.000Z";"2781";2222.857691307;2358.8157628277;2171.9936825863;2333.032746086;13830287094.7;280393647671.16;"2024-01-08T23:59:59.999Z"
"2024-01-07T00:00:00.000Z";"2024-01-07T23:59:59.999Z";"2024-01-07T13:31:00.000Z";"2024-01-07T22:37:00.000Z";"2781";2242.0126967215;2257.1280056119;2211.5626099427;2222.8658884902;6490053615.23;267155209385.25;"2024-01-07T23:59:59.999Z"
"2024-01-06T00:00:00.000Z";"2024-01-06T23:59:59.999Z";"2024-01-06T00:15:00.000Z";"2024-01-06T06:58:00.000Z";"2781";2269.5399167533;2271.359491897;2219.7820719864;2241.6247100644;5970741680.09;269408524949.53;"2024-01-06T23:59:59.999Z"
"2024-01-05T00:00:00.000Z";"2024-01-05T23:59:59.999Z";"2024-01-05T23:15:00.000Z";"2024-01-05T17:10:00.000Z";"2781";2269.4093385459;2276.7646435416;2209.5370049777;2268.6472266691;10860953289.88;272655618350.6;"2024-01-05T23:59:59.999Z"
"2024-01-04T00:00:00.000Z";"2024-01-04T23:59:59.999Z";"2024-01-04T19:22:00.000Z";"2024-01-04T01:26:00.000Z";"2781";2210.5291477289;2294.6082497572;2204.8657128521;2269.0381829774;11044564896.05;272702497877.09;"2024-01-04T23:59:59.999Z"
"2024-01-03T00:00:00.000Z";"2024-01-03T23:59:59.999Z";"2024-01-03T09:40:00.000Z";"2024-01-03T12:11:00.000Z";"2781";2355.9813482123;2385.1177891378;2113.9253493259;2210.761891527;19332933580.96;265701513400.92;"2024-01-03T23:59:59.999Z"
"2024-01-02T00:00:00.000Z";"2024-01-02T23:59:59.999Z";"2024-01-02T08:52:00.000Z";"2024-01-02T00:04:00.000Z";"2781";2352.5936040869;2431.2123754129;2348.8923886637;2355.8364746171;12910543630.45;283136372945.06;"2024-01-02T23:59:59.999Z"
"2024-01-01T00:00:00.000Z";"2024-01-01T23:59:59.999Z";"2024-01-01T23:59:00.000Z";"2024-01-01T04:22:00.000Z";"2781";2282.8703382432;2352.327940665;2267.0179712648;2352.327940665;6906765990.38;282509699544.44;"2024-01-01T23:59:59.999Z"
"2023-12-31T00:00:00.000Z";"2023-12-31T23:59:59.999Z";"2023-12-31T12:34:00.000Z";"2023-12-31T22:53:00.000Z";"2781";2291.9452373089;2318.5128372657;2261.3941774999;2281.4713016936;6871481744;274194287336.36;"2023-12-31T23:59:59.999Z"
"2023-12-30T00:00:00.000Z";"2023-12-30T23:59:59.999Z";"2023-12-30T16:19:00.000Z";"2023-12-30T09:45:00.000Z";"2781";2300.3997666462;2322.0213875296;2270.0118901166;2292.0653348352;6888195426.56;275466693584.38;"2023-12-30T23:59:59.999Z"
"2023-12-29T00:00:00.000Z";"2023-12-29T23:59:59.999Z";"2023-12-29T14:43:00.000Z";"2023-12-29T22:21:00.000Z";"2781";2346.8437593907;2386.0045396022;2262.9758022675;2300.6907683964;12536968996.15;276503646225.68;"2023-12-29T23:59:59.999Z"
"2023-12-28T00:00:00.000Z";"2023-12-28T23:59:59.999Z";"2023-12-28T01:16:00.000Z";"2023-12-28T22:04:00.000Z";"2781";2380.2005893439;2445.0175392706;2338.7039184602;2347.5660660267;15660799060.21;282139260027.87;"2023-12-28T23:59:59.999Z"
"2023-12-27T00:00:00.000Z";"2023-12-27T23:59:59.999Z";"2023-12-27T23:18:00.000Z";"2023-12-27T03:33:00.000Z";"2781";2231.3931405894;2392.6087070854;2215.1403196423;2378.7401102717;14161342927.24;285887329802.57;"2023-12-27T23:59:59.999Z"
"2023-12-26T00:00:00.000Z";"2023-12-26T23:59:59.999Z";"2023-12-26T02:45:00.000Z";"2023-12-26T17:40:00.000Z";"2781";2272.2188227916;2274.5572615042;2180.2254633897;2231.4653358627;10668581463.59;268186204200.48;"2023-12-26T23:59:59.999Z"
"2023-12-25T00:00:00.000Z";"2023-12-25T23:59:59.999Z";"2023-12-25T13:03:00.000Z";"2023-12-25T00:44:00.000Z";"2781";2265.3405804105;2303.5511073189;2254.5745613704;2272.5616672175;8036302656.28;273125381791.39;"2023-12-25T23:59:59.999Z"
"2023-12-24T00:00:00.000Z";"2023-12-24T23:59:59.999Z";"2023-12-24T02:27:00.000Z";"2023-12-24T22:51:00.000Z";"2781";2309.6266415076;2325.7050798756;2249.984408998;2265.6921427011;9450799235.72;272299442735.23;"2023-12-24T23:59:59.999Z"
"2023-12-23T00:00:00.000Z";"2023-12-23T23:59:59.999Z";"2023-12-23T00:14:00.000Z";"2023-12-23T04:11:00.000Z";"2781";2326.7158695529;2332.071915329;2270.4288723176;2309.0463748006;7995772944.94;277509810111.47;"2023-12-23T23:59:59.999Z"
"2023-12-22T00:00:00.000Z";"2023-12-22T23:59:59.999Z";"2023-12-22T18:24:00.000Z";"2023-12-22T02:30:00.000Z";"2781";2239.5982521181;2341.9474073193;2233.5326622869;2326.5249573928;16137246309.76;279613363296.36;"2023-12-22T23:59:59.999Z"
"2023-12-21T00:00:00.000Z";"2023-12-21T23:59:59.999Z";"2023-12-21T12:23:00.000Z";"2023-12-21T01:14:00.000Z";"2781";2201.7900766246;2278.1215683025;2184.8566786245;2239.5424133212;12616530536.39;269163758201.48;"2023-12-21T23:59:59.999Z"
"2023-12-20T00:00:00.000Z";"2023-12-20T23:59:59.999Z";"2023-12-20T14:35:00.000Z";"2023-12-20T20:09:00.000Z";"2781";2177.2395157566;2263.3292183872;2161.2186850736;2201.9114564016;12652290806.57;264648783324.39;"2023-12-20T23:59:59.999Z"
"2023-12-19T00:00:00.000Z";"2023-12-19T23:59:59.999Z";"2023-12-19T08:17:00.000Z";"2023-12-19T17:59:00.000Z";"2781";2218.2410067892;2253.3488607028;2139.7232949491;2177.8726106679;10619179628.95;261766972878.51;"2023-12-19T23:59:59.999Z"
"2023-12-18T00:00:00.000Z";"2023-12-18T23:59:59.999Z";"2023-12-18T23:07:00.000Z";"2023-12-18T10:36:00.000Z";"2781";2195.3417231001;2222.0192544408;2120.1274691857;2217.2733489138;10366536489.75;266511575365.26;"2023-12-18T23:59:59.999Z"
"2023-12-17T00:00:00.000Z";"2023-12-17T23:59:59.999Z";"2023-12-17T20:50:00.000Z";"2023-12-17T23:38:00.000Z";"2781";2226.8924781312;2244.366451126;2195.7617894529;2196.4811590731;7410453853.39;264016381493.87;"2023-12-17T23:59:59.999Z"
"2023-12-16T00:00:00.000Z";"2023-12-16T23:59:59.999Z";"2023-12-16T16:45:00.000Z";"2023-12-16T00:39:00.000Z";"2781";2220.4155723384;2260.8097238347;2213.5508467626;2226.9265198074;6866555429.62;267682867413.04;"2023-12-16T23:59:59.999Z"
"2023-12-15T00:00:00.000Z";"2023-12-15T23:59:59.999Z";"2023-12-15T00:20:00.000Z";"2023-12-15T23:29:00.000Z";"2781";2316.110422609;2316.8929392602;2214.2631579525;2219.3373100011;10259157898.15;266779027212.87;"2023-12-15T23:59:59.999Z"
"2023-12-14T00:00:00.000Z";"2023-12-14T23:59:59.999Z";"2023-12-14T23:18:00.000Z";"2023-12-14T13:31:00.000Z";"2781";2260.7359881357;2331.6015337999;2239.3661680482;2316.5790072611;12608711052.34;278473738462.9;"2023-12-14T23:59:59.999Z"
"2023-12-13T00:00:00.000Z";"2023-12-13T23:59:59.999Z";"2023-12-13T22:17:00.000Z";"2023-12-13T07:01:00.000Z";"2781";2202.60034816;2283.0992424614;2150.7542852783;2260.6487681131;12576395493.06;271756571284.98;"2023-12-13T23:59:59.999Z"
"2023-12-12T00:00:00.000Z";"2023-12-12T23:59:59.999Z";"2023-12-12T02:20:00.000Z";"2023-12-12T17:35:00.000Z";"2781";2224.3909929939;2242.5512479037;2166.7700992092;2202.0379684959;11391132227.58;264715811519.07;"2023-12-12T23:59:59.999Z"
"2023-12-11T00:00:00.000Z";"2023-12-11T23:59:59.999Z";"2023-12-11T00:10:00.000Z";"2023-12-11T19:42:00.000Z";"2781";2352.4966779452;2354.9140095655;2160.3581019847;2224.5787846632;17989249470.29;267429121877.27;"2023-12-11T23:59:59.999Z"
"2023-12-10T00:00:00.000Z";"2023-12-10T23:59:59.999Z";"2023-12-10T20:57:00.000Z";"2023-12-10T10:00:00.000Z";"2781";2341.4401694091;2376.749858217;2323.4057080289;2352.4627556082;7369608904.74;282804939332.99;"2023-12-10T23:59:59.999Z"
"2023-12-09T00:00:00.000Z";"2023-12-09T23:59:59.999Z";"2023-12-09T08:26:00.000Z";"2023-12-09T23:35:00.000Z";"2781";2358.6860098396;2401.7604258408;2331.666003415;2341.1752332393;10613312822.78;281451117692.72;"2023-12-09T23:59:59.999Z"
"2023-12-08T00:00:00.000Z";"2023-12-08T23:59:59.999Z";"2023-12-08T04:16:00.000Z";"2023-12-08T14:15:00.000Z";"2781";2357.16929613;2387.5143809928;2340.9204219967;2358.7319393053;12543458699.27;283566839063.97;"2023-12-08T23:59:59.999Z"
"2023-12-07T00:00:00.000Z";"2023-12-07T23:59:59.999Z";"2023-12-07T21:34:00.000Z";"2023-12-07T09:28:00.000Z";"2781";2233.217654587;2380.7296484825;2225.0506571517;2357.5796331574;14766891042.46;283435092122.55;"2023-12-07T23:59:59.999Z"
"2023-12-06T00:00:00.000Z";"2023-12-06T23:59:59.999Z";"2023-12-06T01:14:00.000Z";"2023-12-06T23:13:00.000Z";"2781";2293.6281613465;2310.7131728603;2225.0810619783;2231.6613482543;12790612570.98;268305164094.04;"2023-12-06T23:59:59.999Z"
"2023-12-05T00:00:00.000Z";"2023-12-05T23:59:59.999Z";"2023-12-05T18:16:00.000Z";"2023-12-05T07:45:00.000Z";"2781";2243.0925366917;2306.5702559212;2191.1762254671;2293.8416889044;15383072558.62;275789264739.45;"2023-12-05T23:59:59.999Z"
"2023-12-04T00:00:00.000Z";"2023-12-04T23:59:59.999Z";"2023-12-04T10:51:00.000Z";"2023-12-04T00:05:00.000Z";"2781";2193.6634300588;2273.0697362989;2193.0074052048;2243.2159138525;16149367133.85;269708642248.87;"2023-12-04T23:59:59.999Z"
"2023-12-03T00:00:00.000Z";"2023-12-03T23:59:59.999Z";"2023-12-03T22:22:00.000Z";"2023-12-03T12:55:00.000Z";"2781";2165.8956871998;2213.1757760262;2151.7209461511;2193.691554531;8278465782.07;263756848411.61;"2023-12-03T23:59:59.999Z"
"2023-12-02T00:00:00.000Z";"2023-12-02T23:59:59.999Z";"2023-12-02T19:11:00.000Z";"2023-12-02T00:32:00.000Z";"2781";2087.6635101851;2182.8179186087;2087.4080553347;2165.7040009485;9130124830.7;260394436508.81;"2023-12-02T23:59:59.999Z"
"2023-12-01T00:00:00.000Z";"2023-12-01T23:59:59.999Z";"2023-12-01T09:19:00.000Z";"2023-12-01T00:50:00.000Z";"2781";2052.0966666638;2109.3191356466;2046.5570347546;2087.1400074286;10866891430.26;250953198636.81;"2023-12-01T23:59:59.999Z"
"2023-11-30T00:00:00.000Z";"2023-11-30T23:59:59.999Z";"2023-11-30T23:50:00.000Z";"2023-11-30T08:42:00.000Z";"2781";2029.3583403633;2054.4442302331;2022.4618457657;2052.5560758309;8107789162.87;246799826112.87;"2023-11-30T23:59:59.999Z"
"2023-11-29T00:00:00.000Z";"2023-11-29T23:59:59.999Z";"2023-11-29T09:21:00.000Z";"2023-11-29T16:37:00.000Z";"2781";2049.1868378822;2071.9944295203;2020.7565818663;2029.9291808773;8945151860.66;244080073732.87;"2023-11-29T23:59:59.999Z"
"2023-11-28T00:00:00.000Z";"2023-11-28T23:59:59.999Z";"2023-11-28T17:42:00.000Z";"2023-11-28T06:07:00.000Z";"2781";2027.5172241345;2074.9541916485;1996.8146851792;2049.3381283931;9910633037.54;246420242345.89;"2023-11-28T23:59:59.999Z"
"2023-11-27T00:00:00.000Z";"2023-11-27T23:59:59.999Z";"2023-11-27T00:47:00.000Z";"2023-11-27T20:07:00.000Z";"2781";2062.3908459465;2070.6061157533;1988.1204204556;2027.4172988226;10574810068.61;243786625521.58;"2023-11-27T23:59:59.999Z"
"2023-11-26T00:00:00.000Z";"2023-11-26T23:59:59.999Z";"2023-11-26T08:35:00.000Z";"2023-11-26T16:37:00.000Z";"2781";2084.1773786841;2094.0960313164;2038.6005153333;2063.2862406283;8054814153.5;248100227391.67;"2023-11-26T23:59:59.999Z"
"2023-11-25T00:00:00.000Z";"2023-11-25T23:59:59.999Z";"2023-11-25T08:15:00.000Z";"2023-11-25T11:45:00.000Z";"2781";2081.2961671446;2091.3426555228;2067.9173258214;2084.413070743;5362623389.99;250640854799.99;"2023-11-25T23:59:59.999Z"
"2023-11-24T00:00:00.000Z";"2023-11-24T23:59:59.999Z";"2023-11-24T15:41:00.000Z";"2023-11-24T00:11:00.000Z";"2781";2062.4117438331;2132.4812170955;2060.9990947664;2081.1520427333;12141148820.16;250250115328.46;"2023-11-24T23:59:59.999Z"
"2023-11-23T00:00:00.000Z";"2023-11-23T23:59:59.999Z";"2023-11-23T10:01:00.000Z";"2023-11-23T15:58:00.000Z";"2781";2063.9055161298;2088.0319289084;2041.4642448271;2062.2107269666;7828437946.25;247974942750.48;"2023-11-23T23:59:59.999Z"
"2023-11-22T00:00:00.000Z";"2023-11-22T23:59:59.999Z";"2023-11-22T21:29:00.000Z";"2023-11-22T00:01:00.000Z";"2781";1933.5831760044;2089.5140965829;1933.1630233569;2064.4252149797;13372200584.33;248245097943.17;"2023-11-22T23:59:59.999Z"
"2023-11-21T00:00:00.000Z";"2023-11-21T23:59:59.999Z";"2023-11-21T01:47:00.000Z";"2023-11-21T23:59:00.000Z";"2781";2022.2173201465;2035.0358599095;1937.0668029372;1937.0668029372;13653500841.08;232934220916.3;"2023-11-21T23:59:59.999Z"
"2023-11-20T00:00:00.000Z";"2023-11-20T23:59:59.999Z";"2023-11-20T17:57:00.000Z";"2023-11-20T05:49:00.000Z";"2781";2011.8533375977;2066.4099689481;1996.0442711841;2022.239127894;12866464823.5;243179946588.64;"2023-11-20T23:59:59.999Z"
"2023-11-19T00:00:00.000Z";"2023-11-19T23:59:59.999Z";"2023-11-19T23:52:00.000Z";"2023-11-19T02:20:00.000Z";"2781";1963.1800181683;2015.6339650765;1944.9008358309;2013.2044472699;7716048817.89;242093237314.5;"2023-11-19T23:59:59.999Z"
"2023-11-18T00:00:00.000Z";"2023-11-18T23:59:59.999Z";"2023-11-18T17:34:00.000Z";"2023-11-18T07:07:00.000Z";"2781";1961.6712561739;1971.4622355005;1921.0623659923;1963.2850130444;8064677045.96;236090356338.86;"2023-11-18T23:59:59.999Z"
"2023-11-17T00:00:00.000Z";"2023-11-17T23:59:59.999Z";"2023-11-17T02:31:00.000Z";"2023-11-17T16:39:00.000Z";"2781";1961.8675128504;1990.0505238939;1910.4454144223;1961.2807205392;11881648738.41;235850668239.21;"2023-11-17T23:59:59.999Z"
"2023-11-16T00:00:00.000Z";"2023-11-16T23:59:59.999Z";"2023-11-16T11:43:00.000Z";"2023-11-16T19:40:00.000Z";"2781";2059.9657743922;2088.6622388654;1940.5741764336;1960.8815523099;14651619482.71;235805214963.67;"2023-11-16T23:59:59.999Z"
"2023-11-15T00:00:00.000Z";"2023-11-15T23:59:59.999Z";"2023-11-15T20:29:00.000Z";"2023-11-15T02:45:00.000Z";"2781";1979.472646018;2061.9916947266;1968.7746789135;2060.4084021182;12626326991.41;247776555880.76;"2023-11-15T23:59:59.999Z"
"2023-11-14T00:00:00.000Z";"2023-11-14T23:59:59.999Z";"2023-11-14T08:17:00.000Z";"2023-11-14T18:54:00.000Z";"2781";2054.7652690643;2065.0669766074;1939.2803525606;1979.0526719014;13087862494.64;237996343775.94;"2023-11-14T23:59:59.999Z"
"2023-11-13T00:00:00.000Z";"2023-11-13T23:59:59.999Z";"2023-11-13T16:19:00.000Z";"2023-11-13T06:36:00.000Z";"2781";2045.3544851535;2116.0106377179;2031.954170077;2055.2652897926;14322027969.73;247166782174.13;"2023-11-13T23:59:59.999Z"
"2023-11-12T00:00:00.000Z";"2023-11-12T23:59:59.999Z";"2023-11-12T21:44:00.000Z";"2023-11-12T00:50:00.000Z";"2781";2053.118697629;2066.0034771487;2019.0280494097;2045.1870407473;7951011697.73;245956142900.12;"2023-11-12T23:59:59.999Z"
"2023-11-11T00:00:00.000Z";"2023-11-11T23:59:59.999Z";"2023-11-11T16:58:00.000Z";"2023-11-11T22:15:00.000Z";"2781";2078.0583065234;2089.530521554;2035.0821717213;2052.7138939829;10228351203.18;246863043384.1;"2023-11-11T23:59:59.999Z"
"2023-11-10T00:00:00.000Z";"2023-11-10T23:59:59.999Z";"2023-11-10T04:58:00.000Z";"2023-11-10T14:12:00.000Z";"2781";2121.0673788596;2134.691403851;2068.1342587129;2078.2897139105;14740624457.03;249942527252.2;"2023-11-10T23:59:59.999Z"
"2023-11-09T00:00:00.000Z";"2023-11-09T23:59:59.999Z";"2023-11-09T23:55:00.000Z";"2023-11-09T00:18:00.000Z";"2781";1888.9402526025;2130.8853343563;1884.2043255049;2120.5609463695;24709695028.59;255032647816.16;"2023-11-09T23:59:59.999Z"
"2023-11-08T00:00:00.000Z";"2023-11-08T23:59:59.999Z";"2023-11-08T21:09:00.000Z";"2023-11-08T06:20:00.000Z";"2781";1887.1190111007;1904.5462767332;1874.5456038366;1889.3223471996;6751627017.07;227224492658.58;"2023-11-08T23:59:59.999Z"
"2023-11-07T00:00:00.000Z";"2023-11-07T23:59:59.999Z";"2023-11-07T20:55:00.000Z";"2023-11-07T17:10:00.000Z";"2781";1900.5997464253;1907.5613804588;1852.7909528241;1888.124211378;9203228151.64;227081573591.53;"2023-11-07T23:59:59.999Z"
"2023-11-06T00:00:00.000Z";"2023-11-06T23:59:59.999Z";"2023-11-06T14:57:00.000Z";"2023-11-06T05:26:00.000Z";"2781";1894.027082265;1914.5826406474;1871.9730124432;1899.837364376;8104122602.14;228491840065.7;"2023-11-06T23:59:59.999Z"
"2023-11-05T00:00:00.000Z";"2023-11-05T23:59:59.999Z";"2023-11-05T17:46:00.000Z";"2023-11-05T00:53:00.000Z";"2781";1857.3955776685;1911.6086358186;1848.6201336379;1894.1576842261;8867152644.56;227808286583.56;"2023-11-05T23:59:59.999Z"
"2023-11-04T00:00:00.000Z";"2023-11-04T23:59:59.999Z";"2023-11-04T23:08:00.000Z";"2023-11-04T01:28:00.000Z";"2781";1833.368843669;1867.2614017717;1825.7365921275;1857.6985957472;4845080426.86;223422362045.94;"2023-11-04T23:59:59.999Z"
"2023-11-03T00:00:00.000Z";"2023-11-03T23:59:59.999Z";"2023-11-03T23:54:00.000Z";"2023-11-03T01:19:00.000Z";"2781";1800.9165399218;1835.0724753899;1779.6355583998;1832.795212562;7622864054.79;220427195755.48;"2023-11-03T23:59:59.999Z"
"2023-11-02T00:00:00.000Z";"2023-11-02T23:59:59.999Z";"2023-11-02T03:22:00.000Z";"2023-11-02T16:31:00.000Z";"2781";1847.2599233605;1873.8849737461;1790.1147700161;1800.6210046347;9004197724.3;216558513774.71;"2023-11-02T23:59:59.999Z"
"2023-11-01T00:00:00.000Z";"2023-11-01T23:59:59.999Z";"2023-11-01T21:05:00.000Z";"2023-11-01T14:57:00.000Z";"2781";1815.8720743879;1858.3128902734;1786.409544512;1847.0897463034;10628825648.39;222148196715.89;"2023-11-01T23:59:59.999Z"
"2023-10-31T00:00:00.000Z";"2023-10-31T23:59:59.999Z";"2023-10-31T00:44:00.000Z";"2023-10-31T15:18:00.000Z";"2781";1810.1316121833;1819.9725979062;1784.5676189034;1816.4589317668;6477922746.76;218464638399.94;"2023-10-31T23:59:59.999Z"
"2023-10-30T00:00:00.000Z";"2023-10-30T23:59:59.999Z";"2023-10-30T14:05:00.000Z";"2023-10-30T06:11:00.000Z";"2781";1795.5891119004;1829.2495346431;1779.3645406198;1810.0885684745;7534051037.71;217698605769.99;"2023-10-30T23:59:59.999Z"
"2023-10-29T00:00:00.000Z";"2023-10-29T23:59:59.999Z";"2023-10-29T22:50:00.000Z";"2023-10-29T01:24:00.000Z";"2781";1776.5639103689;1810.4885999452;1766.0530166872;1795.5459625534;4358528382.35;215947996013.56;"2023-10-29T23:59:59.999Z"
"2023-10-28T00:00:00.000Z";"2023-10-28T23:59:59.999Z";"2023-10-28T11:22:00.000Z";"2023-10-28T23:07:00.000Z";"2781";1780.0842204937;1800.6053445025;1773.4365991139;1776.6181755723;4226112730.81;213670160545.91;"2023-10-28T23:59:59.999Z"
"2023-10-27T00:00:00.000Z";"2023-10-27T23:59:59.999Z";"2023-10-27T00:03:00.000Z";"2023-10-27T18:32:00.000Z";"2781";1803.7948939019;1804.1359132548;1751.4400189551;1780.0453464483;7493399771.11;214081832972.06;"2023-10-27T23:59:59.999Z"
"2023-10-26T00:00:00.000Z";"2023-10-26T23:59:59.999Z";"2023-10-26T08:04:00.000Z";"2023-10-26T17:00:00.000Z";"2781";1787.4819374888;1865.095261621;1764.0130891884;1804.0393004004;11196672634.73;216953781325.63;"2023-10-26T23:59:59.999Z"
"2023-10-25T00:00:00.000Z";"2023-10-25T23:59:59.999Z";"2023-10-25T16:17:00.000Z";"2023-10-25T08:15:00.000Z";"2781";1784.9050315512;1814.4847918417;1762.1470963155;1787.3976241893;9439066475.4;214957153352.31;"2023-10-25T23:59:59.999Z"
"2023-10-24T00:00:00.000Z";"2023-10-24T23:59:59.999Z";"2023-10-24T12:05:00.000Z";"2023-10-24T18:26:00.000Z";"2781";1766.0146060538;1852.6843889247;1758.6900608442;1784.4374604858;15888690475.47;214606289153.48;"2023-10-24T23:59:59.999Z"
"2023-10-23T00:00:00.000Z";"2023-10-23T23:59:59.999Z";"2023-10-23T23:01:00.000Z";"2023-10-23T09:48:00.000Z";"2781";1674.8492105542;1794.0704935729;1663.4480436095;1765.3826429207;14362295878.75;211000651716.66;"2023-10-23T23:59:59.999Z"
"2023-10-22T00:00:00.000Z";"2023-10-22T23:59:59.999Z";"2023-10-22T23:00:00.000Z";"2023-10-22T15:07:00.000Z";"2781";1629.2977731175;1667.666669559;1623.9847373477;1663.4299449441;5248406816.54;200053258046.97;"2023-10-22T23:59:59.999Z"
"2023-10-21T00:00:00.000Z";"2023-10-21T23:59:59.999Z";"2023-10-21T18:02:00.000Z";"2023-10-21T03:15:00.000Z";"2781";1604.8222205418;1641.2417713469;1593.4480417177;1629.304476737;4212179633.61;195949653523.64;"2023-10-21T23:59:59.999Z"
"2023-10-20T00:00:00.000Z";"2023-10-20T23:59:59.999Z";"2023-10-20T10:24:00.000Z";"2023-10-20T01:13:00.000Z";"2781";1567.5709513086;1628.6090625617;1562.302852509;1604.6668665067;6747486126.56;192985216319.66;"2023-10-20T23:59:59.999Z"
"2023-10-19T00:00:00.000Z";"2023-10-19T23:59:59.999Z";"2023-10-19T16:27:00.000Z";"2023-10-19T09:08:00.000Z";"2781";1563.9580727914;1573.7376836747;1543.5851045863;1567.4570729268;5035110866.71;188508005945.93;"2023-10-19T23:59:59.999Z"
"2023-10-18T00:00:00.000Z";"2023-10-18T23:59:59.999Z";"2023-10-18T11:21:00.000Z";"2023-10-18T21:39:00.000Z";"2781";1565.3828374163;1584.726873982;1556.7363755081;1563.7498838126;4354138855.49;188060101428.87;"2023-10-18T23:59:59.999Z"
"2023-10-17T00:00:00.000Z";"2023-10-17T23:59:59.999Z";"2023-10-17T00:07:00.000Z";"2023-10-17T19:02:00.000Z";"2781";1600.6355946204;1601.2947067343;1554.4029637898;1565.4395660008;5032686972.73;188261196692.67;"2023-10-17T23:59:59.999Z"
"2023-10-16T00:00:00.000Z";"2023-10-16T23:59:59.999Z";"2023-10-16T13:33:00.000Z";"2023-10-16T00:45:00.000Z";"2781";1558.3135082146;1628.1562797876;1555.9895931558;1600.5342762528;8846928525.98;192479867900.66;"2023-10-16T23:59:59.999Z"
"2023-10-15T00:00:00.000Z";"2023-10-15T23:59:59.999Z";"2023-10-15T22:12:00.000Z";"2023-10-15T00:39:00.000Z";"2781";1555.0760982861;1565.7608258721;1550.5545627303;1558.0697934299;2923337882.88;187370568341.81;"2023-10-15T23:59:59.999Z"
"2023-10-14T00:00:00.000Z";"2023-10-14T23:59:59.999Z";"2023-10-14T21:10:00.000Z";"2023-10-14T11:49:00.000Z";"2781";1552.263809363;1560.325074815;1545.7387579484;1555.2568092262;2429214717.6;187029539411.15;"2023-10-14T23:59:59.999Z"
"2023-10-13T00:00:00.000Z";"2023-10-13T23:59:59.999Z";"2023-10-13T21:04:00.000Z";"2023-10-13T03:55:00.000Z";"2781";1539.432831621;1571.7506574295;1537.9211443229;1552.0894675436;4575141510.9;186646413218.24;"2023-10-13T23:59:59.999Z"
"2023-10-12T00:00:00.000Z";"2023-10-12T23:59:59.999Z";"2023-10-12T02:55:00.000Z";"2023-10-12T17:07:00.000Z";"2781";1566.3560145517;1566.8781135721;1523.2375682061;1539.6124395074;5003930676.87;185143896035.92;"2023-10-12T23:59:59.999Z"
"2023-10-11T00:00:00.000Z";"2023-10-11T23:59:59.999Z";"2023-10-11T10:27:00.000Z";"2023-10-11T18:11:00.000Z";"2781";1567.6807600904;1578.2235465507;1548.9804209696;1566.2547858612;5416504273.18;188345385723.98;"2023-10-11T23:59:59.999Z"
"2023-10-10T00:00:00.000Z";"2023-10-10T23:59:59.999Z";"2023-10-10T07:37:00.000Z";"2023-10-10T20:47:00.000Z";"2781";1580.1121201498;1593.7412981814;1553.031725993;1567.7129669395;5254966125.17;188518346471.53;"2023-10-10T23:59:59.999Z"
"2023-10-09T00:00:00.000Z";"2023-10-09T23:59:59.999Z";"2023-10-09T03:45:00.000Z";"2023-10-09T16:46:00.000Z";"2781";1633.4548524081;1635.4479267065;1553.0070070574;1579.8066080951;7020801715.54;189970486076.08;"2023-10-09T23:59:59.999Z"
"2023-10-08T00:00:00.000Z";"2023-10-08T23:59:59.999Z";"2023-10-08T02:18:00.000Z";"2023-10-08T11:57:00.000Z";"2781";1634.6573505209;1641.1823986526;1618.1892683047;1633.5485715949;3315554175.07;196430165815.47;"2023-10-08T23:59:59.999Z"
"2023-10-07T00:00:00.000Z";"2023-10-07T23:59:59.999Z";"2023-10-07T00:29:00.000Z";"2023-10-07T20:01:00.000Z";"2781";1645.810874774;1648.1836987202;1631.1581480643;1634.5112732424;2578994987.75;196543193340.4;"2023-10-07T23:59:59.999Z"
"2023-10-06T00:00:00.000Z";"2023-10-06T23:59:59.999Z";"2023-10-06T21:40:00.000Z";"2023-10-06T00:00:00.000Z";"2781";1611.3657129111;1659.6098383554;1611.3657129111;1645.8314874748;4941208729.21;197902084555.42;"2023-10-06T23:59:59.999Z"
"2023-10-05T00:00:00.000Z";"2023-10-05T23:59:59.999Z";"2023-10-05T00:49:00.000Z";"2023-10-05T15:38:00.000Z";"2781";1647.7881975432;1654.3790303729;1609.8499781489;1611.4764662364;5403759057.34;193768867641.82;"2023-10-05T23:59:59.999Z"
"2023-10-04T00:00:00.000Z";"2023-10-04T23:59:59.999Z";"2023-10-04T00:02:00.000Z";"2023-10-04T14:49:00.000Z";"2781";1656.7359982359;1657.2535573341;1629.4266355086;1647.8380903281;5127524862.9;198139095050.81;"2023-10-04T23:59:59.999Z"
"2023-10-03T00:00:00.000Z";"2023-10-03T23:59:59.999Z";"2023-10-03T06:52:00.000Z";"2023-10-03T15:55:00.000Z";"2781";1662.8872060741;1670.3562892433;1644.496512643;1656.6856238037;4742827302.24;199201087917.47;"2023-10-03T23:59:59.999Z"
"2023-10-02T00:00:00.000Z";"2023-10-02T23:59:59.999Z";"2023-10-02T08:37:00.000Z";"2023-10-02T21:55:00.000Z";"2781";1732.9840045172;1743.5635808384;1646.0776971961;1663.6275288364;8420552921.62;200034753094.41;"2023-10-02T23:59:59.999Z"
"2023-10-01T00:00:00.000Z";"2023-10-01T23:59:59.999Z";"2023-10-01T22:18:00.000Z";"2023-10-01T20:04:00.000Z";"2781";1671.1615283017;1750.5957234499;1670.0821815652;1733.8104784386;5054880179.79;208471009287.78;"2023-10-01T23:59:59.999Z"
"2023-09-30T00:00:00.000Z";"2023-09-30T23:59:59.999Z";"2023-09-30T15:47:00.000Z";"2023-09-30T02:02:00.000Z";"2781";1667.8344906796;1692.5311645215;1666.5638774037;1671.1618111903;3155292191.95;200935981760.42;"2023-09-30T23:59:59.999Z"
"2023-09-29T00:00:00.000Z";"2023-09-29T23:59:59.999Z";"2023-09-29T07:56:00.000Z";"2023-09-29T03:29:00.000Z";"2781";1652.9998783582;1687.2812504042;1648.6565164756;1667.9438329225;5529687536.86;200546946577.56;"2023-09-29T23:59:59.999Z"
"2023-09-28T00:00:00.000Z";"2023-09-28T23:59:59.999Z";"2023-09-28T16:31:00.000Z";"2023-09-28T00:05:00.000Z";"2781";1597.6720077421;1666.0241387947;1597.2947279435;1652.8827456544;6658092167.71;198734252807.17;"2023-09-28T23:59:59.999Z"
"2023-09-27T00:00:00.000Z";"2023-09-27T23:59:59.999Z";"2023-09-27T11:54:00.000Z";"2023-09-27T18:08:00.000Z";"2781";1593.1082549059;1631.9107821237;1585.3688542191;1597.4912262036;5533036096.01;192072548490.06;"2023-09-27T23:59:59.999Z"
"2023-09-26T00:00:00.000Z";"2023-09-26T23:59:59.999Z";"2023-09-26T09:47:00.000Z";"2023-09-26T15:48:00.000Z";"2781";1588.0231683036;1598.0978179469;1580.1655404875;1593.4171931027;3544861159.98;191580319726.06;"2023-09-26T23:59:59.999Z"
"2023-09-25T00:00:00.000Z";"2023-09-25T23:59:59.999Z";"2023-09-25T16:20:00.000Z";"2023-09-25T12:22:00.000Z";"2781";1580.7474721019;1595.8441120309;1565.0255567476;1588.3228677916;4394930983.8;190965993296.3;"2023-09-25T23:59:59.999Z"
"2023-09-24T00:00:00.000Z";"2023-09-24T23:59:59.999Z";"2023-09-24T17:55:00.000Z";"2023-09-24T23:29:00.000Z";"2781";1593.8256989419;1600.2072622021;1576.7833326681;1580.8533621681;3086456943.7;190066005491.41;"2023-09-24T23:59:59.999Z"
"2023-09-23T00:00:00.000Z";"2023-09-23T23:59:59.999Z";"2023-09-23T00:27:00.000Z";"2023-09-23T15:30:00.000Z";"2781";1593.2131080415;1598.001668612;1588.3290089333;1593.857747399;2101436677.65;191627759019.24;"2023-09-23T23:59:59.999Z"
"2023-09-22T00:00:00.000Z";"2023-09-22T23:59:59.999Z";"2023-09-22T08:15:00.000Z";"2023-09-22T00:28:00.000Z";"2781";1584.0025776693;1601.5377511663;1579.1013659233;1593.2683304574;3460791634.47;191555616769.06;"2023-09-22T23:59:59.999Z"
"2023-09-21T00:00:00.000Z";"2023-09-21T23:59:59.999Z";"2023-09-21T00:50:00.000Z";"2023-09-21T13:40:00.000Z";"2781";1622.5917763097;1625.2045295789;1573.3058356327;1584.3070629356;5191732311.87;190477744419.21;"2023-09-21T23:59:59.999Z"
"2023-09-20T00:00:00.000Z";"2023-09-20T23:59:59.999Z";"2023-09-20T02:04:00.000Z";"2023-09-20T19:21:00.000Z";"2781";1643.4953076155;1649.6191268973;1610.4208327206;1622.8906070275;5156431985.8;195115447555.42;"2023-09-20T23:59:59.999Z"
"2023-09-19T00:00:00.000Z";"2023-09-19T23:59:59.999Z";"2023-09-19T16:15:00.000Z";"2023-09-19T00:31:00.000Z";"2781";1637.3120466062;1659.5317251634;1628.4131539267;1643.5446568866;4405868861.25;197597152270.9;"2023-09-19T23:59:59.999Z"
"2023-09-18T00:00:00.000Z";"2023-09-18T23:59:59.999Z";"2023-09-18T12:43:00.000Z";"2023-09-18T00:41:00.000Z";"2781";1623.0819273512;1669.0153972799;1609.9574071119;1637.3469881784;5916674788.72;196850744403.19;"2023-09-18T23:59:59.999Z"
"2023-09-17T00:00:00.000Z";"2023-09-17T23:59:59.999Z";"2023-09-17T10:48:00.000Z";"2023-09-17T22:11:00.000Z";"2781";1635.2010962896;1635.5129785994;1616.7793178635;1622.8967525804;3032716258.02;195111799251.35;"2023-09-17T23:59:59.999Z"
"2023-09-16T00:00:00.000Z";"2023-09-16T23:59:59.999Z";"2023-09-16T02:22:00.000Z";"2023-09-16T10:05:00.000Z";"2781";1641.4464566211;1649.9886591542;1632.5778439536;1635.2217116964;2819575928.52;196591800958.75;"2023-09-16T23:59:59.999Z"
"2023-09-15T00:00:00.000Z";"2023-09-15T23:59:59.999Z";"2023-09-15T23:03:00.000Z";"2023-09-15T14:48:00.000Z";"2781";1626.8701281931;1652.113161931;1613.2486737796;1641.6403441678;4348584770.57;197362656275.42;"2023-09-15T23:59:59.999Z"
"2023-09-14T00:00:00.000Z";"2023-09-14T23:59:59.999Z";"2023-09-14T15:01:00.000Z";"2023-09-14T00:09:00.000Z";"2781";1608.0316286121;1640.5227454526;1607.7353816387;1626.9743262163;5538958553.07;195599049372.23;"2023-09-14T23:59:59.999Z"
"2023-09-13T00:00:00.000Z";"2023-09-13T23:59:59.999Z";"2023-09-13T15:47:00.000Z";"2023-09-13T06:09:00.000Z";"2781";1592.8923772769;1615.0502849239;1582.2175817147;1607.9884846173;4979469106.42;193316070858.56;"2023-09-13T23:59:59.999Z"
"2023-09-12T00:00:00.000Z";"2023-09-12T23:59:59.999Z";"2023-09-12T10:23:00.000Z";"2023-09-12T00:36:00.000Z";"2781";1551.497800456;1619.1139892796;1549.4937270547;1592.4294382649;6813819740.05;191444620794.55;"2023-09-12T23:59:59.999Z"
"2023-09-11T00:00:00.000Z";"2023-09-11T23:59:59.999Z";"2023-09-11T00:15:00.000Z";"2023-09-11T20:02:00.000Z";"2781";1616.7697233826;1618.305790831;1533.4267290521;1551.6376717999;7693700922.84;186540658151.2;"2023-09-11T23:59:59.999Z"
"2023-09-10T00:00:00.000Z";"2023-09-10T23:59:59.999Z";"2023-09-10T00:03:00.000Z";"2023-09-10T17:11:00.000Z";"2781";1635.2116861658;1635.4330920485;1604.0405314026;1616.8288799491;4339499948.53;194376093211.01;"2023-09-10T23:59:59.999Z"
"2023-09-09T00:00:00.000Z";"2023-09-09T23:59:59.999Z";"2023-09-09T16:33:00.000Z";"2023-09-09T14:05:00.000Z";"2781";1636.0504578412;1636.8707259058;1629.6608927612;1635.1623166873;2081625742.02;196578387638.02;"2023-09-09T23:59:59.999Z"
"2023-09-08T00:00:00.000Z";"2023-09-08T23:59:59.999Z";"2023-09-08T00:58:00.000Z";"2023-09-08T10:07:00.000Z";"2781";1647.8076291359;1657.1363316484;1617.7965476392;1636.1378400318;4598495495.75;196694761417.29;"2023-09-08T23:59:59.999Z"
"2023-09-07T00:00:00.000Z";"2023-09-07T23:59:59.999Z";"2023-09-07T21:19:00.000Z";"2023-09-07T14:01:00.000Z";"2781";1632.2628678801;1657.3037264093;1623.220431095;1647.5982186154;4907290296.16;198072121803.41;"2023-09-07T23:59:59.999Z"
"2023-09-06T00:00:00.000Z";"2023-09-06T23:59:59.999Z";"2023-09-06T17:56:00.000Z";"2023-09-06T17:06:00.000Z";"2781";1633.9120656901;1656.9326904274;1611.1476739188;1632.2522842348;4987397046.16;196226976906.86;"2023-09-06T23:59:59.999Z"
"2023-09-05T00:00:00.000Z";"2023-09-05T23:59:59.999Z";"2023-09-05T15:22:00.000Z";"2023-09-05T03:22:00.000Z";"2781";1629.9110632704;1645.9483692575;1610.1412197864;1633.6293448937;4417491901.68;196391969142.61;"2023-09-05T23:59:59.999Z"
"2023-09-04T00:00:00.000Z";"2023-09-04T23:59:59.999Z";"2023-09-04T03:12:00.000Z";"2023-09-04T22:02:00.000Z";"2781";1635.724776274;1642.6532303206;1618.5236974668;1629.6552264676;3887968912.14;195913396980.21;"2023-09-04T23:59:59.999Z"
"2023-09-03T00:00:00.000Z";"2023-09-03T23:59:59.999Z";"2023-09-03T21:13:00.000Z";"2023-09-03T16:54:00.000Z";"2781";1637.0435649374;1645.6451557303;1626.0892287412;1636.1176785766;3151878318.24;196688728216.07;"2023-09-03T23:59:59.999Z"
"2023-09-02T00:00:00.000Z";"2023-09-02T23:59:59.999Z";"2023-09-02T15:27:00.000Z";"2023-09-02T00:06:00.000Z";"2781";1628.5596552951;1644.0306581384;1627.9760442176;1637.0253385418;2943590995.82;196796363892.32;"2023-09-02T23:59:59.999Z"
"2023-09-01T00:00:00.000Z";"2023-09-01T23:59:59.999Z";"2023-09-01T00:58:00.000Z";"2023-09-01T17:42:00.000Z";"2781";1645.5813232205;1653.5317045909;1603.0342292985;1628.4911928866;6104510092.24;195769929355;"2023-09-01T23:59:59.999Z"
"2023-08-31T00:00:00.000Z";"2023-08-31T23:59:59.999Z";"2023-08-31T11:44:00.000Z";"2023-08-31T21:09:00.000Z";"2781";1705.3644656537;1720.0120102513;1634.850972778;1645.6391241321;6593153504.5;197831661218.49;"2023-08-31T23:59:59.999Z"
"2023-08-30T00:00:00.000Z";"2023-08-30T23:59:59.999Z";"2023-08-30T00:07:00.000Z";"2023-08-30T18:30:00.000Z";"2781";1729.6765835382;1730.5646560905;1697.1472740218;1705.1121423041;5023904190.46;204981728438.73;"2023-08-30T23:59:59.999Z"
"2023-08-29T00:00:00.000Z";"2023-08-29T23:59:59.999Z";"2023-08-29T16:28:00.000Z";"2023-08-29T12:18:00.000Z";"2781";1652.2742194714;1742.6373264063;1639.5762039168;1729.7256498746;11304916728.79;207942703368.28;"2023-08-29T23:59:59.999Z"
"2023-08-28T00:00:00.000Z";"2023-08-28T23:59:59.999Z";"2023-08-28T12:36:00.000Z";"2023-08-28T09:19:00.000Z";"2781";1657.4398405634;1659.3287138637;1627.4468086633;1652.4574355437;4855588533.82;198654748012.57;"2023-08-28T23:59:59.999Z"
"2023-08-27T00:00:00.000Z";"2023-08-27T23:59:59.999Z";"2023-08-27T17:02:00.000Z";"2023-08-27T02:57:00.000Z";"2781";1646.2719638472;1659.2670289513;1645.9027976544;1657.5130726946;2624065030.72;199261172396;"2023-08-27T23:59:59.999Z"
"2023-08-26T00:00:00.000Z";"2023-08-26T23:59:59.999Z";"2023-08-26T03:31:00.000Z";"2023-08-26T19:25:00.000Z";"2781";1652.9272006973;1654.7777434101;1643.7126427688;1646.3068178601;2423247747.14;197912705880.22;"2023-08-26T23:59:59.999Z"
"2023-08-25T00:00:00.000Z";"2023-08-25T23:59:59.999Z";"2023-08-25T14:17:00.000Z";"2023-08-25T17:47:00.000Z";"2781";1660.2698636424;1671.9706449379;1635.9673899873;1652.9351167504;5396997822.81;198709982386.16;"2023-08-25T23:59:59.999Z"
"2023-08-24T00:00:00.000Z";"2023-08-24T23:59:59.999Z";"2023-08-24T00:50:00.000Z";"2023-08-24T17:39:00.000Z";"2781";1679.248305221;1682.4897034917;1641.6270541214;1659.9446226125;5104531919.55;199548851220.68;"2023-08-24T23:59:59.999Z"
"2023-08-23T00:00:00.000Z";"2023-08-23T23:59:59.999Z";"2023-08-23T19:49:00.000Z";"2023-08-23T01:14:00.000Z";"2781";1634.4016932865;1696.5939459757;1629.5811057659;1679.2744714845;7191868447.94;201872827301.06;"2023-08-23T23:59:59.999Z"
"2023-08-22T00:00:00.000Z";"2023-08-22T23:59:59.999Z";"2023-08-22T00:48:00.000Z";"2023-08-22T21:28:00.000Z";"2781";1667.2792452006;1668.6386979784;1596.3840731615;1633.8926267598;7244623132.64;196411977220.27;"2023-08-22T23:59:59.999Z"
"2023-08-21T00:00:00.000Z";"2023-08-21T23:59:59.999Z";"2023-08-21T00:01:00.000Z";"2023-08-21T15:29:00.000Z";"2781";1685.0223109393;1685.0826937788;1651.9598131952;1667.2690996991;5077248383.35;200431006110.97;"2023-08-21T23:59:59.999Z"
"2023-08-20T00:00:00.000Z";"2023-08-20T23:59:59.999Z";"2023-08-20T20:45:00.000Z";"2023-08-20T07:01:00.000Z";"2781";1669.587747052;1692.3287513721;1662.9015072747;1684.8520501855;4105056995.27;202538755664.15;"2023-08-20T23:59:59.999Z"
"2023-08-19T00:00:00.000Z";"2023-08-19T23:59:59.999Z";"2023-08-19T16:48:00.000Z";"2023-08-19T07:04:00.000Z";"2781";1660.8443487688;1693.2280915156;1654.075843109;1669.4718707311;4871231359.97;200689358850.73;"2023-08-19T23:59:59.999Z"
"2023-08-18T00:00:00.000Z";"2023-08-18T23:59:59.999Z";"2023-08-18T00:27:00.000Z";"2023-08-18T17:25:00.000Z";"2781";1682.0384680315;1698.1242513962;1644.9309500003;1660.9451284571;9645084584.17;199666693175.25;"2023-08-18T23:59:59.999Z"
"2023-08-17T00:00:00.000Z";"2023-08-17T23:59:59.999Z";"2023-08-17T00:14:00.000Z";"2023-08-17T21:45:00.000Z";"2781";1805.5674377415;1807.7148548422;1551.7132501336;1684.9334573891;14208462071.57;202420920379.92;"2023-08-17T23:59:59.999Z"
"2023-08-16T00:00:00.000Z";"2023-08-16T23:59:59.999Z";"2023-08-16T03:08:00.000Z";"2023-08-16T20:43:00.000Z";"2781";1827.0364257796;1829.3611660562;1798.9667092936;1805.6590014206;4976573383.4;216930270756.06;"2023-08-16T23:59:59.999Z"
"2023-08-15T00:00:00.000Z";"2023-08-15T23:59:59.999Z";"2023-08-15T01:15:00.000Z";"2023-08-15T19:09:00.000Z";"2781";1844.1641441122;1845.5475613834;1816.3250919351;1826.9327978014;4483923892.5;219491766849.53;"2023-08-15T23:59:59.999Z"
"2023-08-14T00:00:00.000Z";"2023-08-14T23:59:59.999Z";"2023-08-14T16:52:00.000Z";"2023-08-14T02:15:00.000Z";"2781";1839.3235063352;1853.8363541655;1834.8003956346;1844.1857646579;4083364724.49;221568525308.68;"2023-08-14T23:59:59.999Z"
"2023-08-13T00:00:00.000Z";"2023-08-13T23:59:59.999Z";"2023-08-13T19:54:00.000Z";"2023-08-13T22:42:00.000Z";"2781";1849.0538423506;1859.9163389208;1834.8042894948;1839.2801756372;3054625661.34;220981729947.98;"2023-08-13T23:59:59.999Z"
"2023-08-12T00:00:00.000Z";"2023-08-12T23:59:59.999Z";"2023-08-12T15:31:00.000Z";"2023-08-12T06:08:00.000Z";"2781";1847.1719421965;1852.2810077224;1845.7191939182;1848.8898822123;2291124840.3;222139062221.35;"2023-08-12T23:59:59.999Z"
"2023-08-11T00:00:00.000Z";"2023-08-11T23:59:59.999Z";"2023-08-11T14:48:00.000Z";"2023-08-11T16:45:00.000Z";"2781";1850.7417227889;1855.0660790547;1839.569273373;1847.1243621559;3353025102.3;221931416524.33;"2023-08-11T23:59:59.999Z"
"2023-08-10T00:00:00.000Z";"2023-08-10T23:59:59.999Z";"2023-08-10T14:01:00.000Z";"2023-08-10T18:05:00.000Z";"2781";1854.3482991504;1863.3108900107;1845.4422955613;1850.7534547452;3760304517.5;222372592138.08;"2023-08-10T23:59:59.999Z"
"2023-08-09T00:00:00.000Z";"2023-08-09T23:59:59.999Z";"2023-08-09T13:01:00.000Z";"2023-08-09T19:56:00.000Z";"2781";1855.7794639407;1869.7365608605;1845.4897170816;1854.2975491247;5870081832.81;222805472557.44;"2023-08-09T23:59:59.999Z"
"2023-08-08T00:00:00.000Z";"2023-08-08T23:59:59.999Z";"2023-08-08T21:22:00.000Z";"2023-08-08T02:05:00.000Z";"2781";1826.9309959765;1873.8472283619;1824.4300565131;1855.8073211753;5812855406.06;222992394106.75;"2023-08-08T23:59:59.999Z"
"2023-08-07T00:00:00.000Z";"2023-08-07T23:59:59.999Z";"2023-08-07T03:05:00.000Z";"2023-08-07T17:33:00.000Z";"2781";1827.239468493;1842.5225755968;1804.716645695;1826.9387893514;5837881974.42;219527926618.49;"2023-08-07T23:59:59.999Z"
"2023-08-06T00:00:00.000Z";"2023-08-06T23:59:59.999Z";"2023-08-06T02:26:00.000Z";"2023-08-06T14:16:00.000Z";"2781";1834.8452145586;1836.2488802209;1824.9866370972;1827.462079169;2963395075.87;219593479527.48;"2023-08-06T23:59:59.999Z"
"2023-08-05T00:00:00.000Z";"2023-08-05T23:59:59.999Z";"2023-08-05T18:58:00.000Z";"2023-08-05T02:03:00.000Z";"2781";1827.798586463;1836.464899772;1824.8079382819;1834.9879173213;2866049749.41;220502861332.05;"2023-08-05T23:59:59.999Z"
"2023-08-04T00:00:00.000Z";"2023-08-04T23:59:59.999Z";"2023-08-04T13:51:00.000Z";"2023-08-04T20:51:00.000Z";"2781";1834.8904618294;1847.9121779145;1817.4138100776;1827.7129406804;4861242484.17;219632850428.96;"2023-08-04T23:59:59.999Z"
